artist_name,track_name,release_year,origin_country,main_genre,secondary_genres
Kobold,Rubicon,2006.0,Morocco,dungeon synth,"industrial, ebm, electro-industrial"
Tori Amos,Wampum Prayer,2003.0,United States,female vocalists,"singer-songwriter, alternative, piano"
B.T. Express,Now That We Found Love,1976.0,United States,funk,"soul, Disco, 70s"
Children Of Bodom,Are You Dead Yet?,2023.0,Finland,Melodic Death Metal,"death metal, Power metal, metal"
"Koji Kondo, Hajime Wakai",Jabu,2023.0,United States,Classical,"electronic, game, video game music"
Asian Kung-Fu Generation,Road Movie,2006.0,Japan,J-rock,"japanese, rock, j-pop"
New Buffalo,I'M The Drunk And You'Re The Star,2007.0,United Kingdom,australian,"indie pop, singer-songwriter, indie"
Tracy Chapman,Behind The Wall,1995.0,United States,female vocalists,"folk, singer-songwriter, soul"
Hocico,Spit As An Offence (Suicide Commando Remix),1999.0,Mexico,dark electro,"ebm, industrial, darkwave"
Tegan And Sara,Dark Come Soon,2007.0,Canada,indie,"female vocalists, indie pop, Canadian"
Elliott Smith,Don'T Go Down,2023.0,United States,singer-songwriter,"folk, indie, acoustic"
Frank Zappa,Up And Down,1967.0,United States,Progressive rock,"experimental, jazz, rock"
Sneaky Sound System,Don'T Get You,2008.0,Australia,electronic,"dance, australian, electro"
Marmoset,Laughing With Minx,2007.0,United States,indie rock,"psychedelic, indie, american"
Machine Drum,911 (Feat. Ie.Merg),2004.0,United Kingdom,idm,"electronic, glitch, footwork"
Dir En Grey,Sa Bir,2012.0,Japan,J-rock,"visual kei, japanese, metal"
Frank Zappa,Sunrise Redeemer,1988.0,United States,Progressive rock,"experimental, jazz, rock"
The Raveonettes,The Heavens,2005.0,United Kingdom,indie rock,"indie, danish, alternative"
The Young Lovers,Free,1970.0,Australia,electronic,"funk, jazz, ambient"
Wagon Christ,Bend Over,2002.0,United Kingdom,electronic,"trip-hop, idm, ninja tune"
Uakti,Earth,1993.0,Brazil,experimental,"instrumental, minimalism, brazilian"
Missy Higgins,Don'T Ever,2008.0,Australia,female vocalists,"singer-songwriter, australian, pop"
Duke Ellington & His Orchestra,Sonnet For Sister Kate,1999.0,United States,jazz,"swing, Big Band, duke ellington"
Agonoize,The True Church Of God,2005.0,Germany,ebm,"dark electro, industrial, Aggrotech"
The Evens,Eventually,2006.0,United Kingdom,indie rock,"indie, post-punk, dischord"
Alice In Chains,No Excuses,1993.0,United States,Grunge,"90s, rock, alternative rock"
Pearl Jam,Yellow Ledbetter,2001.0,United States,Grunge,"rock, alternative rock, 90s"
Felo,Las Tretas De Lorena,2002.0,Chile,spanish,"folk, chile, humor"
The Fratellis,Milk And Money,2008.0,United Kingdom,indie rock,"indie, british, rock"
Kemopetrol,Child Is My Name,2001.0,,finnish,"electronic, pop, trip-hop"
All Girl Summer Fun Band,Cut Your Hair,2002.0,United States,twee,"indie pop, female vocalists, indie"
Django Reinhardt,Swing 42,2005.0,France,jazz,"swing, gypsy jazz, guitar"
Clytus Gottwald & Stuttgart Schola Cantorum,Lux Aeterna [Edit],1996.0,Germany,,
1000 Homo Djs,Supernaut,2005.0,United States,industrial,"industrial rock, industrial metal, electronic"
Frank Zappa,Joe'S Garage,1989.0,United States,Progressive rock,"experimental, jazz, rock"
Dirty Scarab,No Design,2023.0,Egypt,industrial,"electronica, experimental, ambient"
Lorene Drive,Hey Ya,2008.0,United States,post-hardcore,"emo, screamo, rock"
Ian Van Dahl,Try,2002.0,Belgium,trance,"dance, vocal trance, electronic"
Fugazi,23 Beats Off,1993.0,United States,post-hardcore,"punk, hardcore, indie"
Paul Kelly,The New Rules,1993.0,Australia,folk,"australian, singer-songwriter, rock"
Soko,I'Ll Kill Her,2008.0,France,indie,"french, female vocalists, singer-songwriter"
Jon-Rae Fletcher,Maria,2009.0,Canada,Alt-country,"folk, country, Canadian"
The Prodigy,Voodoo People (Paranormal Attack Remix),2005.0,United Kingdom,electronic,"techno, industrial, dance"
Tool,Intolerance,1994.0,United States,Progressive metal,"Progressive rock, alternative, metal"
Axwell Feat. Steve Edwards,Watch The Sunrise (Radio Edit),2005.0,Sweden,House,"dance, club house, club"
Agonizer,Sleepless,2007.0,,Power metal,"heavy metal, finnish, melodic metal"
Tori Amos,Fat Slut,2007.0,United States,female vocalists,"singer-songwriter, alternative, piano"
Forgive Durden,Parable Of The Sower,2006.0,United States,indie,"alternative, rock, emo"
Bedouin Soundclash,Shelter,2004.0,Canada,reggae,"ska, Canadian, indie"
Buzzcocks,Just Lust,1978.0,United Kingdom,punk,"punk rock, british, new wave"
Fleetwood Mac,Looking For Somebody,2004.0,United Kingdom,classic rock,"rock, 70s, blues"
Korn,"Another Brick In The Wall (Parts 1, 2, 3)",2009.0,United States,Nu Metal,"metal, alternative, rock"
Katerine,Lorsque Je Dors,1996.0,France,french,"pop, electronic, chanson francaise"
Tori Amos,Operation Peter Pan,2002.0,United States,female vocalists,"singer-songwriter, alternative, piano"
Antony And The Johnsons,Divine,2000.0,United Kingdom,singer-songwriter,"chamber pop, indie, alternative"
Thurston Moore,Rap Compilation God Damn Straight Baby,2025.0,United States,experimental,"noise, alternative, indie"
Kenny Larkin,Track,1994.0,United States,techno,"detroit techno, detroit, electronic"
The Sleepy Jackson,Don'T You Know,2003.0,Australia,australian,"indie, indie rock, alternative"
Farben Lehre,Snukraina,2008.0,Poland,punk rock,"polish, punk, polish punk"
Chic,I Want Your Love,2016.0,United States,Disco,"funk, soul, 70s"
Prince,Misty Blue (Feat. Shelby J.),2021.0,United States,funk,"pop, soul, rock"
The Ads,Things Get So Much Better,2013.0,United Kingdom,Scoots Catchy Recs,
Sarbel,Yassou Maria,2007.0,Greece,Greek,"pop, Eurovision, male vocalists"
Felix Da Housecat,Nitelife Funworld,2004.0,United States,House,"electronic, Electroclash, electro"
Savage Garden,A Thousand Words,1998.0,Australia,pop,"90s, australian, rock"
Horowitz,Popkids Of The World Unite!,2007.0,United States,classical piano,"Classical, twee, All"
Cephalic Carnage,Endless Cycle Of Violence,2007.0,Austria,grindcore,"death metal, Technical Death Metal, Brutal Death Metal"
Noisex,Das Ist Elektro,2008.0,,industrial,"Rhythmic Noise, noise, ebm"
Slaves To Gravity,Heaven Is A Lie,2009.0,United Kingdom,alternative rock,"hard rock, Grunge, post-grunge"
Pet Shop Boys,Before,1984.0,United Kingdom,synthpop,"electronic, pop, 80s"
Regurgitator,My Friend Robot,2004.0,Australia,australian,"alternative, rock, electronic"
Prototypes,Elle,2008.0,France,french,"indie, electronic, pop"
Beady Belle,Game,2001.0,Norway,jazz,"female vocalists, chillout, acid jazz"
Coma,Diagnoza,2008.0,Poland,rock,"polish, alternative rock, polish rock"
The Cranberries,Waltzing Back,2018.0,Ireland,rock,"alternative, alternative rock, female vocalists"
Sunparlour Players,Boards,2009.0,United States,Canadian,"acoustic, folk, indie rock"
Volbeat,The Garden'S Tale,2007.0,Denmark,heavy metal,"metal, rockabilly, elvis metal"
Le Gabel,Gil Me And Strain Me,2008.0,United States,electronic,"psytrance, electro, audiolith"
The Offspring,Kill The President,1989.0,United States,punk rock,"punk, rock, alternative rock"
Queens Of The Stone Age,Autopilot,2014.0,United States,Stoner Rock,"alternative rock, rock, hard rock"
The Beach Boys,Don'T Worry Baby,2001.0,United States,classic rock,"60s, pop, Surf"
Piddy Py,Giggle Riddim,2009.0,Sweden,dubstep,"Grime, electronic, british"
Sally Shapiro,Find My Soul,2006.0,Sweden,synthpop,"electronic, Italo Disco, swedish"
Bullring Brummies,The Wizard,1994.0,United Kingdom,heavy metal,"metal, groove metal, Need to Rate"
Billy Ocean,Red Light Spells Danger,2010.0,United Kingdom,pop,"soul, 80s, Disco"
Nick Catchdubs & Mr. Ducker,Folk Implosion - Natural One,2024.0,United States,electronic,"electronica, mixtape"
Indochine,La Colline Des Roses,2003.0,France,french,"new wave, rock, 80s"
Ani Difranco,God'S Country,2006.0,United States,folk,"singer-songwriter, female vocalists, indie"
In Flames,Evil In A Closet,2005.0,Sweden,Melodic Death Metal,"death metal, metal, swedish"
Antony And The Johnsons,Daylight And The Sun,2014.0,United Kingdom,singer-songwriter,"chamber pop, indie, alternative"
Operation Ivy,Sleep Long,2000.0,United States,punk,"ska punk, ska, punk rock"
The Young Lovers,You Got The Down South,2009.0,Australia,electronic,"funk, jazz, ambient"
Matthew Robert Cooper,Miniatures 5,2008.0,Australia,ambient,"piano, contemporary classical, neo-classical"
The Broken Family Band,You Get Me,2007.0,United Kingdom,indie,"indie rock, folk, Alt-country"
The Dining Rooms,Driving,2007.0,Italy,downtempo,"chillout, trip-hop, lounge"
Swan Lake,Spider,2009.0,United Kingdom,indie,"indie rock, Canadian, Lo-Fi"
Sexy Kids,Sisters Are Forever,2008.0,Germany,indie,"Scottish, female vocalists, All"
The Aggrolites,You Got 5,2007.0,United Kingdom,reggae,"ska, skinhead reggae, dirty reggae"
Ten Years After,I Can'T Keep From Crying Sometimes,1967.0,United Kingdom,blues rock,"classic rock, rock, blues"
Bass Bombers,Atomic Bass,1994.0,United States,All,"techno - trance - electronica, lesser known yet streamable artists, under 2000 listeners"
The Gain,I Think Strange,2006.0,United Kingdom,rock,"alternative, punk rock, melodic"
Angus And Julia Stone,Just A Boy,2008.0,Australia,folk,"indie, acoustic, australian"
T.A.T.U.,Dangerous And Moving,2020.0,Russian Federation,pop,"russian, electronic, female vocalists"
Lynyrd Skynyrd,Take Your Time (Originally Released As B-Side),1997.0,United States,Southern Rock,"classic rock, rock, hard rock"
Declaime,New Thing,2004.0,United States,Hip-Hop,"underground hip-hop, Stones throw, rap"
Maria Mena,Self-Fulfilling Prophecy,2008.0,Norway,female vocalists,"pop, singer-songwriter, norwegian"
Johnny Cash,A Boy Named Sue (Live),2007.0,United States,country,"folk, singer-songwriter, classic rock"
Less Than Jake,That'S Why They Call It A Union,2003.0,United States,ska punk,"ska, punk, punk rock"
Opeth,When,1998.0,Sweden,Progressive metal,"progressive death metal, death metal, Melodic Death Metal"
The Pack A.D.,Shiny Things,2008.0,Canada,Garage Rock,"blues rock, Canadian, rock"
Jack Johnson,Walk Alone,2018.0,United States,acoustic,"singer-songwriter, chill, alternative"
Radiohead,Killer Cars,1994.0,United Kingdom,rock,"alternative, alternative rock, indie"
Semifinalists,You Said,2006.0,,indie rock,"indie, rock, electronic"
The Devil Wears Prada,Html Rulez D00D,2008.0,United States,metalcore,"hardcore, Christian Metalcore, screamo"
Kansas,Sparks Of The Tempest,2002.0,United States,Progressive rock,"classic rock, rock, hard rock"
The Jesus And Mary Chain,Tower Of Song,2011.0,United Kingdom,shoegaze,"post-punk, alternative, indie"
Animals On Wheels,Dial Up Infinity,1999.0,United Kingdom,idm,"ninja tune, electronic, downtempo"
The Broken Family Band,Gone Dark,2003.0,United Kingdom,indie,"indie rock, folk, Alt-country"
Tom Waits,Altar Boy,2002.0,United States,blues,"singer-songwriter, experimental, rock"
Edward Shearmur,Powell'S Return,2001.0,United Kingdom,instrumental,"electronic, composer, chillout"
Slipknot,Wherein Lies Continue,2014.0,United States,Nu Metal,"metal, heavy metal, Nu-metal"
Klaxons,"Gravity'S Rainbow (Black Session, 11.12.06)",2006.0,United Kingdom,new rave,"indie, electronic, british"
Eyesburn,The More U Tell Dem,2014.0,Serbia,reggae,"hardcore, crossover, serbian"
Modest Mouse,Black Cadillacs,2005.0,Germany,indie rock,"indie, alternative, alternative rock"
Blossom Dearie,I Like London In The Rain,2002.0,United States,jazz,"female vocalists, vocal jazz, piano"
Radiohead,Everything In Its Right Place (Josh Wink Remix),,United Kingdom,electronic,"alternative, alternative rock, radiohead"
Ladyhawke,Another Runaway,2010.0,New Zealand,electronic,"indie, female vocalists, new wave"
Hooverphonic,Strictly Out Of Phase,2007.0,Belgium,trip-hop,"electronic, chillout, female vocalists"
Over The Wall,Thurso,2008.0,United Kingdom,indie pop,"alternative, Scottish, glasgow"
Radiohead,Everything In Its Wrong Place,2005.0,United Kingdom,rock,"alternative, alternative rock, indie"
Van Halen,Poundcake,1995.0,United States,hard rock,"classic rock, rock, heavy metal"
Vast,[Untitled],,United States,alternative rock,"alternative, industrial, rock"
Tool,Ticks & Leeches,2001.0,United States,Progressive metal,"Progressive rock, alternative, metal"
Common Rider,Firewall,2002.0,United States,ska,"ska punk, punk, punk rock"
We Are Scientists,Get Off,2008.0,United States,indie,"indie rock, alternative, rock"
Travis,Quicksand,2003.0,United States,britpop,"indie, british, rock"
Anouar Brahem Trio,Nihawend Lunga,2000.0,Tunisia,jazz,"arabic, oud, world"
Portishead,Mysterons,2000.0,United Kingdom,trip-hop,"electronic, female vocalists, chillout"
The Prodigy,Everybody In The Place,2011.0,United Kingdom,electronic,"techno, industrial, dance"
Lamb Of God,Duane,2003.0,United States,groove metal,"metalcore, thrash metal, metal"
Doves,Compulsion,2009.0,United Kingdom,indie,"indie rock, britpop, alternative"
Necro,Mutilate The Beat,2012.0,United States,Hip-Hop,"Death Rap, Horrorcore, underground hip-hop"
Terry Urban,"James Brown Feat. Jay Z, J.D. & En Vogue- Payback Aint A Thang",2004.0,United Kingdom,mashup,"remix, mixtape, biggie smalls"
Handsome Furs,Sing! Captain,2007.0,Canada,indie rock,"Canadian, indie, electronic"
Tiamat,A Pocket Size Sun,1994.0,Sweden,Gothic Metal,"doom metal, death metal, metal"
Dar Williams,The World'S Not Falling Apart,2003.0,United States,folk,"singer-songwriter, female vocalists, acoustic"
Bonnie 'Prince' Billy,God'S Small Song,2019.0,United States,folk,"singer-songwriter, Alt-country, indie"
Paradise Lost,Dying Freedom,2016.0,United Kingdom,Paradise Lost,"bad tagged, death metal, metal"
Raffi,Brush Your Teeth,2013.0,Canada,childrens,"Canadian, comedy, metal"
Air France,Collapsing At Your Doorstep,2008.0,France,electronic,"swedish, indie, electronica"
David Axelrod,The Fly,1969.0,Germany,jazz,"funk, psychedelic, instrumental"
Queen,Thank God It'S Christmas,2008.0,United Kingdom,classic rock,"rock, hard rock, glam rock"
Hot Chip,Made In The Dark,2008.0,United Kingdom,electronic,"indie, electropop, electronica"
White Denim,Shake Shake Shake,2011.0,United States,indie rock,"Garage Rock, indie, rock"
Apocalyptica,Hope,2006.0,Finland,symphonic metal,"instrumental, metal, finnish"
Frou Frou,Hear Me Out,2009.0,United Kingdom,electronic,"female vocalists, indie, alternative"
Katatonia,The Future Of Speech,2005.0,Sweden,doom metal,"Progressive metal, depressive rock, Gothic Metal"
Wu-Tang Clan,C.R.E.A.M,2004.0,United States,Hip-Hop,"rap, hip hop, wu-tang"
Whale,Hobo Humpin' Slobo Babe,1996.0,Sweden,alternative,"swedish, rock, alternative rock"
65Daysofstatic,Little Victories,2007.0,United Kingdom,post-rock,"instrumental, experimental, math rock"
"Bruno Coulais, Mathilde Pellegrini,The Children'S Choir Of Nice, Helene Breschand, Hungrarian Symphony Orchestra Budapest & Laurent Petitgirard",Installation,2009.0,France,,
Midnight Oil,Antarctica,2018.0,Australia,rock,"australian, 80s, alternative"
Neil Young,Bad Fog Of Loneliness,2008.0,Canada,classic rock,"singer-songwriter, folk, rock"
System Of A Down,Ddevil,2002.0,United States,alternative metal,"metal, Nu Metal, rock"
The Prodigy,Fighter Beat (N2Rmx),2009.0,United Kingdom,electronic,"techno, industrial, dance"
Eyehategod,99 Miles Of Bad Road,2000.0,United States,Sludge,"doom metal, sludge metal, sludgecore"
Black Rebel Motorcycle Club,Grind My Bones,2006.0,United States,rock,"indie rock, alternative rock, indie"
The Hacker,Masterplan (Feat. Miss Kittin),2006.0,United Kingdom,electro,"Electroclash, techno, electronic"
Bif Naked,Daddy'S Getting Married,1994.0,Canada,rock,"female vocalists, alternative, Canadian"
The Knife,Neon,2001.0,United Kingdom,electronic,"synthpop, swedish, electronica"
Decoration,Pavey Ark,2005.0,Canada,britpop,"indie, angst, introspective"
Wolfgang Amadeus Mozart,"Eine Kleine Nachtmusik, Serenade In G Major K. 255: Allegro",2016.0,Austria,Classical,"instrumental, composers, classic"
Panic At The Disco,Intermission,2006.0,United States,alternative,"rock, pop punk, indie"
Superpitcher,The Long Way,2004.0,Germany,minimal,"electronic, techno, minimal techno"
Coldplay,Postcards From Far Away,2008.0,United Kingdom,rock,"alternative, britpop, alternative rock"
Tujiko Noriko & Lawrence English & John Chantler,Make Me Your Private Party,2008.0,United States,japan,"ambient, experimental, electronic"
Radiohead,Planet Telex (Depthcharge Remix),1997.0,United Kingdom,alternative rock,"alternative, rock, radiohead"
Horse The Band,"Stabbers Of The Knife, By Kenny Pelts",2003.0,Canada,Nintendocore,"experimental, hardcore, post-hardcore"
The Sadies,The Trial,2007.0,United Kingdom,Alt-country,"Canadian, americana, rock"
Jimi Hendrix,Little Wing,2018.0,United States,classic rock,"rock, blues, psychedelic"
John Lennon,Luck Of The Irish (Live),2004.0,United Kingdom,classic rock,"rock, singer-songwriter, british"
Los Tres,Moizefala,2025.0,Chile,rock chileno,"rock, chile, Rock en Espanol"
The Desert Sessions,In My Head...Or Something,2003.0,United States,Stoner Rock,"desert rock, rock, alternative"
The Low Anthem,Charlie Darwin,2010.0,United States,folk,"indie folk, acoustic, indie"
Buzzcocks,Noise Annoys,1978.0,United Kingdom,punk,"punk rock, british, new wave"
Kevin Yost,It'S Getting Bigger,1999.0,United States,deep house,"House, chillout, nu-jazz"
Cameo,Single Life,1993.0,United States,funk,"80s, soul, rnb"
The Blackbyrds,Rock Creek Park,2004.0,United Kingdom,funk,"soul, jazz-funk, jazz"
Postal Blue,Puzzle,2001.0,United States,indie pop,"twee, brazilian, rock"
Deadboy & The Elephantmen,Strange Television,2002.0,United States,rock,"indie rock, alternative, dax riggs"
Bass Bombers,Check The Bass,2002.0,United States,All,"techno - trance - electronica, lesser known yet streamable artists, under 2000 listeners"
Skin,Don'T Need A Reason,2006.0,United Kingdom,rock,"female vocalists, alternative rock, alternative"
Reamonn,Starship,2007.0,Germany,rock,"alternative, alternative rock, german"
L'Arc~En~Ciel,The Black Rose,2007.0,Japan,J-rock,"japanese, rock, jrock"
Those Dancing Days,Home Sweet Home,2008.0,Sweden,swedish,"indie pop, indie, female vocalists"
Slayer,Superficial Love,1996.0,United States,thrash metal,"metal, speed metal, heavy metal"
Dj Shadow,You Can'T Go Home Again,2002.0,United States,trip-hop,"electronic, Hip-Hop, turntablism"
The Velvet Underground,I'Ll Be Your Mirror,2010.0,United States,60s,"rock, psychedelic, classic rock"
Alec Empire,Everything Starts With A Fuck,2001.0,Germany,digital hardcore,"electronic, industrial, experimental"
The Black Eyed Peas,Pump It,2021.0,United States,Hip-Hop,"dance, pop, black eyed peas"
Franz Ferdinand,New Kind Of Thrill,2009.0,Austria,indie rock,"indie, rock, alternative"
At The Gates,Nausea,2019.0,Sweden,Melodic Death Metal,"death metal, swedish, metal"
Rammstein,Rammstein,1998.0,Germany,industrial metal,"metal, german, industrial"
Jon-Rae Fletcher,The Sound,2009.0,Canada,Alt-country,"folk, country, Canadian"
Doktor Kosmos,Min Enda Religion,2005.0,Sweden,swedish,"pop, political, indie"
Boards Of Canada,The Beach At Redpoint,2002.0,United Kingdom,ambient,"electronic, idm, chillout"
Coney Island Sound,The Lemonade Song,2010.0,United Kingdom,pet sounds,"scarborough, metronomy, hot chip"
Soraya,De Repente,2006.0,United States,acoustic,"Colombia, folk, alternative"
Yo La Tengo,Getting Lost,2008.0,Finland,indie rock,"indie, alternative, indie pop"
Dire Straits,Telegraph Road,1992.0,United Kingdom,classic rock,"rock, 80s, blues"
Backyard Babies,Things To Do Before We Die,2006.0,Sweden,hard rock,"rock, punk rock, swedish"
Mack,Return Of The Mack 2009 (Spencer & Hill Remix),2009.0,United States,electronic,"House, dance, electro house"
Ted Nugent,Where Have You Been All My Life,2002.0,United States,hard rock,"classic rock, rock, 70s"
Anathema,Transacoustic,1999.0,United Kingdom,doom metal,"Progressive rock, Progressive metal, atmospheric"
Augustana,Lonely People,2005.0,United States,piano rock,"alternative, indie, alternative rock"
Friendly Fires,Paris (Aeroplane Remix),2008.0,United Kingdom,electronic,"indie, new rave, indietronica"
Nas,Get Down,2003.0,United States,Hip-Hop,"rap, east coast rap, hip hop"
The Fall,Shoulder Pads 1#,1986.0,United Kingdom,post-punk,"new wave, punk, alternative"
Dixie Chicks,Give It Up Or Let Me Go,1998.0,United States,country,"female vocalists, folk, bluegrass"
Johnny Cash & June Carter Cash,Darlin' Companion,2006.0,United States,country,"folk, classic country, 70s"
John Parish & Polly Jean Harvey,The Chair,2009.0,United States,alternative,"rock, female vocalists, singer-songwriter"
Henrik Schwarz,Jazzbook No. 2,2005.0,Germany,House,"deep house, minimal, electronic"
Prince,Around The World In A Day,1993.0,United States,funk,"pop, soul, rock"
Hunter,Krzyk Kamieni,2005.0,United Kingdom,heavy metal,"polish, metal, thrash metal"
El Goodo,El Goodo - Be My Girl,2009.0,United Kingdom,wales,"indie, 60s revival, psychedelic"
Prince,Raspberry Beret,2011.0,United States,80s,"pop, prince, funk"
The Tv Theme Players,Heroes,,United Kingdom,Studio Players,"american, theme songs, cpprstar69comedianmusic"
Morrissey,The World Is Full Of Crashing Bores,2002.0,United Kingdom,indie,"british, alternative, rock"
Gentle Giant,I Lost My Head,1976.0,United Kingdom,Progressive rock,"art rock, rock, classic rock"
Cirrus,Break In,1997.0,United States,big beat,"electronic, breakbeat, electronica"
The Expendables,Paper Chains,2007.0,United Kingdom,reggae,"ska, rock, rock reggae"
Danielson Famile,Sing To The Singer,2001.0,United States,indie,"christian, folk, freak folk"
The Brian Jonestown Massacre,Wisdom,2006.0,United States,psychedelic,"shoegaze, indie rock, indie"
Fergie,Finally,2006.0,United States,pop,"rnb, female vocalists, Hip-Hop"
Tocotronic,Angel,2005.0,Germany,indie,"Hamburger Schule, german, alternative"
Aimee Mann,Nothing Is Good Enough (Instrumental),1999.0,United States,female vocalists,"singer-songwriter, indie, alternative"
Imogen Heap,Can'T Take It In,2006.0,United Kingdom,electronic,"female vocalists, indie, alternative"
Inxs,Mystify,2002.0,Australia,rock,"new wave, 80s, australian"
16 Bitch Pile-Up,He Began To Stir,2007.0,United States,noise,"experimental, drone, harsh noise"
Attack In Black,Blood (In The Tracks),2009.0,Canada,indie,"Canadian, indie rock, punk"
Mobb Deep,Survival Of The Fittest,1995.0,United Kingdom,Hip-Hop,"mobb deep, rap, new york"
Spiritual Beggars,Homage To The Betrayed,2000.0,Sweden,Stoner Rock,"stoner metal, hard rock, stoner"
Arsonists Get All The Girls,Mantipede,2007.0,United States,deathcore,"experimental, mathcore, grindcore"
Michael Schenker Group,Cry For The Nations,2002.0,Germany,hard rock,"heavy metal, classic rock, rock"
Panic At The Disco,The Only Difference Between Martyrdom And Suicide Is Press Coverage,2005.0,United States,rock,"alternative, indie, emo"
Abba,Eagle,1989.0,Sweden,pop,"Disco, 70s, swedish"
Sergent Garcia,Oye Mi Bomba,1997.0,France,latin,"reggae, salsa, spanish"
Snow Patrol,Little Hide,1999.0,United Kingdom,indie,"alternative, rock, indie rock"
Danny Elfman,Edward On The Run,2000.0,United States,instrumental,"composer, Classical, american"
Cat Power,Great Expectations,1995.0,United States,indie,"female vocalists, singer-songwriter, folk"
Johann Sebastian Bach,Cello Suite No.2 In D Minor: Minuets,1997.0,Germany,Classical,"baroque, instrumental, german"
Benjamin Wetherill,I Would Love To,2008.0,United Kingdom,indie,"folk, acoustic, indie folk"
The Cinematic Orchestra,Odessa,2003.0,United Kingdom,jazz,"electronic, downtempo, chillout"
Mokira,Heartexplodes,2002.0,Sweden,ambient,"glitch, minimal, idm"
Unkle,Leap Of Faith (Feat. Joel Cadbury),2005.0,United Kingdom,trip-hop,"electronic, downtempo, alternative"
Milosh,You Make Me Feel,2005.0,Canada,electronic,"downtempo, ambient, idm"
Grendel,Void Malign (Dawn Of Ashes Remix),2007.0,Netherlands,ebm,"dark electro, industrial, Harsh EBM"
Modest Mouse,The Cold Part,2000.0,Germany,indie rock,"indie, alternative, alternative rock"
"Evelyn ""Champagne"" King",Dancin' Dancin' Dancin',2005.0,United States,Disco,"soul, funk, female vocalists"
The Rifles,Toe Rag,2009.0,United Kingdom,indie,"indie rock, british, britpop"
Amy Macdonald,This Is The Life,2009.0,United Kingdom,pop,"female vocalists, folk, acoustic"
Dillinger Four,Let Them Eat Thomas Paine,2000.0,United States,punk rock,"punk, pop punk, melodic punk"
Nirvana,Big Cheese,2002.0,United States,Grunge,"rock, alternative rock, alternative"
4Hero,Escape That,1998.0,United Kingdom,Drum and bass,"electronic, downtempo, chillout"
The Bartlebees,What Have You Put In My Honeytea,1998.0,United Kingdom,indie pop,"twee, Lo-Fi, german"
System Of A Down,Mind,2011.0,United States,alternative metal,"metal, Nu Metal, rock"
Supertramp,Casual Conversations,1979.0,United Kingdom,Progressive rock,"classic rock, rock, 70s"
The 88,How Good It Can Be,2004.0,United Kingdom,indie,"indie rock, rock, indie pop"
Rosensprung,Stadtprogression,,,chillout,"german, deutsch, electronic"
Fiona Apple,Red Red Red,2004.0,United States,female vocalists,"singer-songwriter, alternative, piano"
Ramones,"Baby, I Love You",2006.0,United States,punk,"punk rock, 70s, classic rock"
The Verbrilli Sound,The Dream Genie,2003.0,United Kingdom,downtempo,"lounge, ambient, electronic dub"
Nirvana,Marijuana,1994.0,United States,Grunge,"rock, alternative rock, alternative"
Caravan,The Show Of Our Lives,2021.0,United Kingdom,Progressive rock,"Canterbury Scene, Canterbury, rock"
Pearl Jam,"Pry, To",1994.0,United States,Grunge,"rock, alternative rock, 90s"
Technasia,The Steppin' Show (With John Thomas),2006.0,Hong Kong,techno,"electronic, deep techno, electro"
Alice In Videoland,Red,2005.0,Sweden,Electroclash,"electronic, synthpop, swedish"
Blonde Redhead,Maddening Cloud,2004.0,United States,indie,"indie rock, alternative, female vocalists"
Arsonists Get All The Girls,To Get Eaten By The Rats,2007.0,United States,deathcore,"experimental, mathcore, grindcore"
A Kiss Could Be Deadly,And So It Ends,2006.0,United States,female vocalists,"electro, rock, indie"
Hystereo,Futurlude,2017.0,,electronic,"Disco, french house, House"
Charles Aznavour,La Boheme,2014.0,France,french,"chanson francaise, chanson, jazz"
Alain Caron,Solitude,2003.0,Canada,bass,"jazz, jazz fusion, Fusion"
Oasis,Soldier On,2008.0,United Kingdom,britpop,"rock, british, alternative"
The White Stripes,I Just Don'T Know What To Do With Myself,2002.0,United States,rock,"alternative rock, alternative, indie"
Snow Patrol,Untilted,1997.0,United Kingdom,indie,"alternative, rock, indie rock"
Claro Intelecto,Only Yesterday,2006.0,United Kingdom,techno,"minimal, idm, electronic"
Janet Jackson,2Nite,2008.0,United States,pop,"rnb, female vocalists, dance"
The Whispers,This Kind Of Lovin',1993.0,United Kingdom,soul,"funk, Disco, 80s"
Kiss,Strange Ways,1995.0,United States,hard rock,"rock, 70's, Disco"
Patrick Wolf,Accident & Emergency,2007.0,Germany,indie,"electronic, singer-songwriter, folk"
The Lashes,Death By Mixtape,2003.0,United Kingdom,indie rock,"punk, indie, power pop"
Innerpartysystem,Everyone Is The Same,2008.0,United States,electronic,"Synth-Rock, Electro-Rock, electronica"
Lesbos In Love,Behind The Wall,2018.0,"Taiwan, Province of China",chile,"synthpop, frauen und technik"
John Frusciante,Song To Sing When I'M Lonely,2004.0,United States,experimental,"alternative, singer-songwriter, rock"
Sergey Lazarev,Eye Of The Storm (Hardrum Remix),2018.0,United Kingdom,pop,"russian, dance, male vocalists"
"Evelyn ""Champagne"" King","Love Come Down (12"" Version)",1993.0,United States,Disco,"soul, funk, female vocalists"
Beth Gibbons & Rustin Man,Spyder,2008.0,United Kingdom,trip-hop,"female vocalists, downtempo, singer-songwriter"
Archive,Goodbye,2002.0,United Kingdom,trip-hop,"electronic, Progressive rock, alternative"
Mountains,Map Table,2009.0,United States,ambient,"experimental, drone, post-rock"
Outkast,The Love Below (Intro),2003.0,United States,Hip-Hop,"funk, rap, soul"
The Courteeners,Acrylic,2008.0,United Kingdom,indie,"indie rock, british, Manchester"
Death In Vegas,Dirt,1997.0,United Kingdom,electronic,"trip-hop, alternative, indie"
News On The March,"Wisconsin, Pt.3",2008.0,United Kingdom,sxsw 2009,indie
Hanoi Rocks,Dead By Xmas,1998.0,Finland,glam rock,"hard rock, finnish, 80s"
Steve Von Till,This River,2002.0,United States,folk,"acoustic, singer-songwriter, melancholic"
Emily Haines & The Soft Skeleton,Rowboat,2007.0,United Kingdom,female vocalists,"indie, Canadian, singer-songwriter"
Controlled Collapse,The Dead (Pre-Injection Demo),2025.0,Japan,dark electro,"ebm, industrial, polish"
The Clash,Wrong 'Em Boyo,1990.0,United Kingdom,punk,"punk rock, british, rock"
Modjo,Acknowledgement,2001.0,France,House,"electronic, dance, french"
To Rococo Rot,Opak,2004.0,Germany,electronic,"idm, post-rock, german"
Sadist,Sometimes They Come Back,1993.0,Italy,progressive death metal,"death metal, Technical Death Metal, Progressive metal"
Godsmack,Serenity,2004.0,United States,hard rock,"Nu Metal, metal, rock"
The Bird And The Bee,Witch,2008.0,United States,indie,"electronic, female vocalists, indie pop"
Beastie Boys,The Melee,2007.0,United States,Hip-Hop,"rap, alternative, hip hop"
Jaleco Sound Team,Lucid Rhythms,2004.0,Japan,japanese,"video game music, japan"
Be Your Own Pet,Fill My Pill,2006.0,United Kingdom,indie rock,"indie, female vocalists, punk"
Vampire Weekend,Boston,2007.0,United States,indie,"indie rock, indie pop, alternative"
The Flaming Lips,Waitin' For A Superman,2002.0,United States,alternative,"indie, alternative rock, indie rock"
Backyard Babies,Abandon,2009.0,Sweden,hard rock,"rock, punk rock, swedish"
Bonnie Somerville,Winding Road,2004.0,United Kingdom,female vocalists,"singer-songwriter, folk, indie"
Statues,Where Are You,2022.0,Canada,chaotic hardcore,"hardcore, mathcore, punk"
Ben Harper,Cryin' Won'T Help You Now,2006.0,United States,singer-songwriter,"rock, acoustic, folk"
Queens Of The Stone Age,Better Living Through Chemistry,2003.0,United States,Stoner Rock,"alternative rock, rock, hard rock"
My Teenage Stride,They Are Alone In Their Principles,2006.0,United States,indie pop,"indie, twee, wrongly tagged as twee"
Yael Naim,New Soul,2007.0,France,female vocalists,"folk, indie, singer-songwriter"
Burial,Uk,2016.0,United Kingdom,dubstep,"ambient, electronic, experimental"
The Radio Dept.,The City Limit,2003.0,Sweden,shoegaze,"indie, swedish, indie pop"
Judas Priest,Raw Deal,1987.0,United Kingdom,heavy metal,"metal, hard rock, NWOBHM"
Dio,Straight Through The Heart,1999.0,United States,heavy metal,"hard rock, metal, classic rock"
Broken Social Scene,Market Fresh,2003.0,Canada,indie rock,"indie, post-rock, Canadian"
Zion Train,Gavial,2000.0,United Kingdom,dub,"reggae, electronic, dub reggae"
Architecture In Helsinki,Wishbone,2005.0,Australia,indie,"indie pop, australian, alternative"
Amy Winehouse,I Heard Love Is Blind,2012.0,United Kingdom,soul,"jazz, female vocalists, british"
Gentle Giant,Experience,1999.0,United Kingdom,Progressive rock,"art rock, rock, classic rock"
Savage Garden,"Truly, Madly, Deeply",2016.0,Australia,pop,"90s, australian, rock"
Mr. Bungle,Everyone I Went To High School With Is Dead,1995.0,United States,experimental,"Avant-Garde, alternative, mike patton"
Celldweller,Welcome To The End,2003.0,United States,industrial,"electronic, industrial rock, industrial metal"
Combichrist,"Who'S Your Daddy, Snakegirl?",2005.0,,industrial,"ebm, dark electro, electronic"
Peanut Butter Wolf,Rock Unorthodox,1998.0,United States,Hip-Hop,"turntablism, Stones throw, underground hip-hop"
Ballboy,Let'S Fall In Love And Run Away From Here,2004.0,United Kingdom,Scottish,"indie pop, indie, twee"
Working For A Nuclear Free City,Eighty Eight,2007.0,United Kingdom,shoegaze,"electronic, indie, british"
Bass Alliance,Muzik-Electro V.1.6,2002.0,United States,All,"electronic, bass, speed garage"
Sloan,Nothing Left To Make Me Want To Stay,1999.0,Canada,Canadian,"rock, power pop, indie rock"
Dudley Perkins,Wassup World?,2006.0,United States,Hip-Hop,"soul, Stones throw, underground hip-hop"
The Lawrence Arms,Hesitation Station,2003.0,United States,punk rock,"punk, pop punk, chicago"
Screaming Trees Feat. Kurt Cob,Down In The Dark,2024.0,United States,,
Cubismo Grafico,Out Of This (Control),2003.0,Japan,shibuya-kei,"electronic, japanese, lounge"
Adam Green,Mozzarella Swastikas,2002.0,United States,singer-songwriter,"indie, folk, alternative"
The Juan Maclean,A New Bot,2009.0,United States,electronic,"dance, electro, electronica"
Stabbing Westward,Shame,2001.0,United States,industrial rock,"alternative rock, industrial, rock"
The Horrors,Draw Japan,2007.0,United Kingdom,Garage Rock,"indie, british, horror punk"
Lisa Stansfield,"Never, Never Gonna Give You Up (Radio Edit)",1997.0,United Kingdom,pop,"soul, female vocalists, 80s"
Candlemass,Prologue,2007.0,Sweden,doom metal,"Traditional Doom Metal, heavy metal, swedish"
Diary Of Dreams,Butterfly:Dance! (Upgrade 02),2012.0,Germany,darkwave,"Gothic, electronic, industrial"
The Go-Betweens,Here Comes A City,2005.0,Australia,indie pop,"australian, indie, 80s"
Pushing Reality,Addicted,2008.0,United States,industrial,"electronic, Home collection, nin remixer"
Nick Cave & The Bad Seeds,Moonland,2012.0,Australia,post-punk,"rock, alternative, singer-songwriter"
World Party,Is It Like Today?,1997.0,United Kingdom,alternative,"rock, 80s, britpop"
Newworldaquarium,The Dead Bears,2007.0,Netherlands,techno,"deep house, dub techno, House"
Belle And Sebastian,I Don'T Love Anyone,2013.0,United Kingdom,indie,"indie pop, alternative, twee"
Fettes Brot,Krankenhausreif,1998.0,Germany,hip hop,"german, Hip-Hop, deutsch"
Nada Surf,See These Bones,2008.0,United States,indie rock,"indie, alternative, alternative rock"
Matthew Good Band,09:00 P.M.: Load Me Up,1999.0,Canada,Canadian,"alternative, rock, alternative rock"
Weezer,Island In The Sun,2001.0,United States,rock,"alternative, alternative rock, indie"
Skid Row,Piece Of Me,1991.0,United States,hard rock,"heavy metal, hair metal, 80s"
Jennifer Lopez,Gotta Be There,2007.0,United States,pop,"rnb, latin, female vocalists"
Mobb Deep,Give Up The Goods (Just Step),2011.0,United Kingdom,Hip-Hop,"rap, Gangsta Rap, new york"
Rammstein,Wo Bist Du,2005.0,Germany,industrial metal,"metal, german, industrial"
"Bruno Coulais, Choir Of The Hungarian National Radio, Hungrarian Symphony Orchestra Budapest & Laurent Petitgirard",Let'S Go,2009.0,France,All,wrong name
Morandi,Daleh Cumnaleh,2006.0,Italy,dance,"pop, electronic, Romanian"
Kreator,Escalation,2024.0,Germany,thrash metal,"german, metal, heavy metal"
Party Ben,Hung Up On Soul (Death Cab For Cutie Vs. Madonna),2006.0,United States,mashup,"mash-up, remix, bootleg"
The Prodigy,Wind It Up (Rewound),1993.0,United Kingdom,electronic,"techno, industrial, dance"
Miss Kittin,Live At Sonar - 68' Full Mix,2003.0,France,Electroclash,"electronic, electro, techno"
Felix Da Housecat,Do U Read... Over?,2011.0,United States,House,"electronic, Electroclash, electro"
Van Zant,Plain Jane,2016.0,Germany,Southern Rock,"country, classic rock, rock"
Joel Plaskett Emergency,Nothing More To Say,2007.0,Canada,Canadian,"indie rock, indie, rock"
Story Of The Year,We Don'T Care Anymore,2005.0,United States,post-hardcore,"alternative, rock, emo"
I Am Robot And Proud,Something To Write Home About,2008.0,Canada,electronic,"idm, ambient, electronica"
David Usher,Black Black Heart,2001.0,United States,alternative,"Canadian, rock, singer-songwriter"
Santana,The Game Of Love (Feat. Michelle Branch),2024.0,United States,rock,"classic rock, latin, guitar"
The Stylistics,People Make The World Go Round,2014.0,United Kingdom,soul,"70s, philly soul, oldies"
Dreadzone,A Canterbury Tale,2006.0,United Kingdom,dub,"reggae, electronic, electronica"
Rain,Morbid Feelings,2007.0,"Korea, Republic of",k-pop,"Korean, emo, rain"
David Bowie,Let'S Spend The Night Together,2023.0,Germany,glam rock,"rock, classic rock, 80s"
Sage Francis,Black Out On White Night,2007.0,United States,Hip-Hop,"underground hip-hop, rap, hip hop"
Belle And Sebastian,Mornington Crescent,2006.0,United Kingdom,indie,"indie pop, alternative, twee"
Mountain,Long Red,1972.0,United States,hard rock,"classic rock, blues rock, rock"
Deftones,Rickets,1997.0,United States,Nu Metal,"alternative metal, metal, Deftones"
Something Corporate,Space,2004.0,United States,piano rock,"emo, alternative, rock"
Clock Dva,The Secret Life Of The Big Black Suit,1983.0,United Kingdom,industrial,"post-punk, experimental, ebm"
Spin Doctors,Just Go Ahead Now,2005.0,United States,rock,"alternative rock, 90s, alternative"
Sting,Children'S Crusade,1986.0,Germany,rock,"pop, classic rock, british"
Alicia Keys,If I Ain'T Got You,2010.0,United States,soul,"rnb, female vocalists, Alicia Keys"
Pixies,I'Ve Been Tired,2014.0,United States,alternative rock,"alternative, indie, indie rock"
Micky Finn,Some Justice (Super Mal Remix) (Bl Rewind 2),2009.0,United Kingdom,jungle,"Drum and bass, london, 90s"
Marisa Monte,Blanco,1996.0,Brazil,mpb,"female vocalists, brazilian, Bossa Nova"
Feist Vs. New Young Pony Club,My Man My Bomb,2007.0,Canada,,
James Blunt,Fall At Your Feet (Acoustic),2005.0,United Kingdom,pop,"singer-songwriter, acoustic, indie"
Hang On The Box,You Lost Everything But Its Not My Fault,2001.0,China,punk,"chinese, riot grrrl, Chinese punk"
Smoking Popes,They Lied,1997.0,United States,pop punk,"chicago, indie rock, rock"
Jermaine Jackson,Let'S Get Serious,2004.0,United States,soul,"rnb, motown, 80s"
And Then You Die,The Way Things Are,2007.0,Finland,industrial,"electronic, electro-industrial rock, noise"
Kerli,Walking On Air,2007.0,Estonia,alternative,"pop, female vocalists, estonian"
Pas/Cal,I Wanna Take You Out In Your Holiday Sweater,2002.0,United States,indie pop,"pop, twee, indie"
Bernard Herrmann,By The Fireside,1996.0,United States,instrumental,"composer, film music, Classical"
Korn,Play Me (Feat. Nas),2004.0,United States,Nu Metal,"metal, alternative, rock"
Slipknot,Prelude 3.0,,United States,Nu Metal,"metal, heavy metal, Nu-metal"
Mando Diao,The Shining/Give Me Fire,2009.0,Sweden,indie,"indie rock, rock, swedish"
Brockie & Ed Solo,Echobox,2001.0,United Kingdom,Drum and bass,All
Fischerspooner,A Kick In The Teeth,2005.0,United States,electronic,"Electroclash, synthpop, electro"
Amadou & Mariam,Je Pense A Toi,2009.0,Mali,african,"world, mali, africa"
Clint Mansell,Winter: Lux Aeterna,2009.0,United Kingdom,instrumental,"ambient, electronic, Classical"
Tom Waits,Baby Gonna Leave Me,2017.0,United States,blues,"singer-songwriter, experimental, rock"
Annie Haslam,Ripples,1995.0,United Kingdom,female vocalists,"Progressive rock, singer-songwriter, rock"
Lacuna Coil,Shallow Life,2009.0,Italy,Gothic Metal,"metal, Female fronted metal, female vocalists"
Vast,Thrown Away,2004.0,United States,alternative rock,"alternative, industrial, rock"
Rise Against,Remains Of Summer Memories,2001.0,United States,punk rock,"melodic hardcore, punk, hardcore"
M.I.A./Diplo,Galangaton (Diplo Mix),1994.0,United States,electronic,"Hip-Hop, dance, indie"
Rage Against The Machine,Born Of A Broken Man,2008.0,United States,alternative rock,"rock, alternative, political"
Maurizio,Ploy (Strategic Mix),1997.0,Italy,dub techno,"techno, minimal, minimal techno"
Nine Inch Nails,Slipping Away,2000.0,United States,industrial,"industrial rock, electronic, alternative"
The Oktober People,Blue Collar Butterfly,2004.0,United States,post-rock,"indie, indie rock, experimental"
The Clash,Inoculated City,2018.0,United Kingdom,punk,"punk rock, british, rock"
Tiga,Hot In Herre,2003.0,Canada,electronic,"Electroclash, electro, House"
Down,Learn From This Mistake,2002.0,United States,stoner metal,"Southern metal, Stoner Rock, heavy metal"
Prince,Money Don'T Matter 2 Night,2003.0,United States,funk,"pop, soul, rock"
Zz Top,Tube Snake Boogie,1981.0,United States,blues rock,"classic rock, hard rock, Southern Rock"
Franz Schubert,Moment Musical In F Minor,2006.0,Austria,Classical,"romantic, piano, composers"
Coldplay,Talk (Album Version),2006.0,United Kingdom,rock,"alternative, britpop, alternative rock"
Soul Hooligan,Space Travel,2022.0,United Kingdom,trip hop,"funk, Hip-Hop, electronic"
Natalie Portman'S Shaved Head,Bedroom Costume,2008.0,United States,electronic,"synthpop, indie, electro"
Outkast,My Favorite Things,2003.0,United States,Hip-Hop,"funk, rap, soul"
British Sea Power,Atom,2024.0,United Kingdom,indie rock,"indie, british, alternative"
Falco,Rock Me Amadeus,2025.0,Austria,pop,"80s, new wave, austrian"
Vanessa Daou,Once In A While,2008.0,United States,trip-hop,"chillout, female vocalists, jazz"
Cansei De Ser Sexy,Css Suxxx,2007.0,United Kingdom,electronic,"indie, brazilian, female vocalists"
Menomena,Ghostship,2007.0,,experimental,"indie, indie rock, post-rock"
Prince,Condition Of The Heart,2003.0,United States,funk,"pop, soul, rock"
Deerhunter,Intro,2016.0,United States,shoegaze,"experimental, psychedelic, indie"
Timo Maas,Old School Vibes,2003.0,Germany,electronic,"House, dance, trance"
Grace Jones,Devil In My Life,2008.0,United States,Disco,"new wave, pop, female vocalists"
Mindless Self Indulgence,I Hate Jimmy Page,1999.0,United States,industrial,"industrial jungle pussy punk, electronic, punk"
Diyala,Eazy Tone,2009.0,Croatia,rap,"Hip-Hop, alternative, experimental"
Kontrafakt,Lion 5,2007.0,Slovakia,Hip-Hop,"slovak, rap, slovakia"
My Brightest Diamond,Freak Out,2006.0,United States,female vocalists,"indie, singer-songwriter, folk"
Lcd Soundsystem,Disco Infiltrator,2006.0,United States,electronic,"indie, dance, alternative"
Asobi Seksu,Exotic Animal Paradise,2006.0,United States,shoegaze,"dream pop, indie, female vocalists"
Kid Alex,Sally,2015.0,United States,electronic,"electro, House, german"
R. Kelly Vs Kevin Drew,Rocked Up Kid,2007.0,United States,,
Morphine,I'M Free Now,1993.0,United States,jazz,"alternative, blues, rock"
Billy Bragg & Wilco,Black Wind Blowing,2000.0,United States,Alt-country,"folk, americana, indie"
Abra Moore,Four Leaf Clover,1997.0,United Kingdom,female vocalists,"singer-songwriter, folk, indie"
The Verbrilli Sound,Moonlight Swim,2003.0,United Kingdom,downtempo,"lounge, ambient, electronic dub"
Armin Van Buuren,Going Wrong (With Dj Shah Feat. Chris Jones),2008.0,Netherlands,trance,"progressive trance, electronic, vocal trance"
The Jesus And Mary Chain,Heat,1992.0,United Kingdom,shoegaze,"post-punk, alternative, indie"
Plastic Enemy,No House,1999.0,United States,electronic,"Hard Trance, trance, Rave"
Hecq,Spires Awake,2009.0,Germany,idm,"ambient, glitch, experimental"
Pilate,Fall Down,2003.0,Norway,indie,"Canadian, indie rock, rock"
Linkin Park,The Little Things Give You Away - Live At Milton Keynes,2013.0,United States,Nu Metal,"rock, alternative rock, alternative"
Crystal Castles,Dolls,2026.0,Canada,electronic,"8-bit, new rave, electro"
Nitin Sawhney,October Daze (Feat. Tina Grace),2008.0,United Kingdom,chillout,"trip-hop, electronic, downtempo"
Snow Patrol,Same,2004.0,United Kingdom,indie,"alternative, rock, indie rock"
Die Fantastischen Vier,Ruf Die Polizei,2004.0,Germany,german,"Hip-Hop, hip hop, deutsch"
Sultan & Zara,Closer,2023.0,United States,,
The Soviettes,Thinking Of You,2004.0,United Kingdom,punk rock,"punk, female vocalists, pop punk"
The Golden Dogs,Never Meant Any Harm,2006.0,Canada,Canadian,"indie rock, indie, rock"
Mindless Self Indulgence,Bitches (Dj Cam Mix),1999.0,United States,industrial,"industrial jungle pussy punk, punk, electronic"
In Extremo,Wind,2002.0,United States,folk metal,"german, medieval, metal"
Man 2 Man Featuring Paul Zone & Miki Zone,Male Stripper (Extended Mix),2003.0,Japan,dance,"pop, Hi-NRG, male vocalists"
Saltillo,Blood And Milk,2006.0,Mexico,trip-hop,"downtempo, electronic, experimental"
Modern Machines,Pay Off For The Hangman,2006.0,Germany,punk rock,"punk, alternative rock, american"
Akon,Freedom,2008.0,Senegal,rnb,"Hip-Hop, rap, pop"
Eagles,Best Of My Love,1994.0,United States,classic rock,"rock, 70s, soft rock"
Tori Amos,Winter,1992.0,United States,female vocalists,"singer-songwriter, alternative, piano"
Korn,Creep,2007.0,United States,Nu Metal,"metal, alternative, rock"
Tori Amos,Horses,1996.0,United States,female vocalists,"singer-songwriter, alternative, piano"
Fort Minor (Mike Shinoda Of Linkin Park Group),Petrified (The Doors Remix),2005.0,United States,Hip-Hop,"rap, alternative, hip hop"
Oasis,It'S Good To Be Free,1996.0,United Kingdom,britpop,"rock, british, alternative"
The Raconteurs,Old Enough,2008.0,United Kingdom,rock,"alternative rock, indie rock, alternative"
The Fray,Over My Head (Cable Car),2005.0,United Kingdom,alternative,"rock, piano rock, alternative rock"
Suicide Commando,Without Regret,1993.0,Belgium,ebm,"industrial, dark electro, electronic"
Galaxie 500,Parking Lot,1988.0,United States,shoegaze,"dream pop, slowcore, indie"
Xiu Xiu,I Am The Center Of Your World,2002.0,United States,experimental,"electronic, indie, post-rock"
Metallica,Fade To Black,2016.0,United States,metallica,"heavy metal, metal, hard rock"
The Besnard Lakes,On Bedford And Grand,2007.0,Canada,shoegaze,"indie rock, Canadian, indie"
Koko Taylor,Put The Pot On,1993.0,United States,blues,"female vocalists, Chicago Blues, rhythm and blues"
Masta Killa,East M.C.'S,2006.0,United States,Hip-Hop,"wu-tang, rap, east coast rap"
The Briefs,Normal Jerks,2005.0,United Kingdom,punk,"punk rock, seattle, american"
Deep Purple,Why Didn'T Rosemary,1985.0,United Kingdom,hard rock,"classic rock, rock, Progressive rock"
Zoot Woman,It'S Automatic,2009.0,United Kingdom,electronic,"electropop, indie, electronica"
Elliott Smith,Ostrich & Chirping,2004.0,United States,singer-songwriter,"folk, indie, acoustic"
Wolfmother,Apple Tree,2005.0,Australia,hard rock,"rock, Stoner Rock, australian"
The Necks,He Led Them Into The World,2015.0,United Kingdom,jazz,"experimental, ambient, instrumental"
The Thermals,I Hold The Sound,2006.0,United Kingdom,indie rock,"indie, Lo-Fi, punk"
Erasure,Chorus,2003.0,United Kingdom,synthpop,"80s, new wave, pop"
Metallica,The Thing That Should Not Be,2006.0,United States,metallica,"heavy metal, metal, hard rock"
Dolly Parton,Sweet Summer Lovin',1979.0,United States,country,"female vocalists, singer-songwriter, folk"
The Cranberries,Pretty,2023.0,Ireland,rock,"alternative, alternative rock, female vocalists"
The Ark,One Of Us Is Gonna Die Young,2004.0,United Kingdom,glam rock,"swedish, rock, pop"
Beat Crusaders,Follow Me,2010.0,Japan,J-rock,"japanese, rock, anime"
Cyantific,Solar Flares,2006.0,United Kingdom,Drum and bass,"liquid funk, dnb, Hospital Records"
The Haunted,Everlasting,2003.0,United Kingdom,thrash metal,"Melodic Death Metal, death metal, metal"
Helloween,A Tale That Wasn'T Right,2009.0,Germany,Power metal,"heavy metal, speed metal, metal"
Mr. Bungle,After School Special,1995.0,United States,experimental,"Avant-Garde, alternative, mike patton"
"Yu Miyake, Yuusama",Nananan Katamari,2005.0,United States,video game music,"japanese, Game Music, katamari"
Grand Funk Railroad,Bad Time,1997.0,United States,classic rock,"hard rock, rock, 70s"
Killpretty,Dry,2006.0,,emocore,"emo, post-hardcore, alternative"
Eastern Conference Champions,The Box,2007.0,United States,indie rock,"indie, alternative, rock"
The Pointer Sisters,Freedom (Re-Eq'D Version),2013.0,United States,Disco,"pop, soul, 80s"
Otis Rush,So Many Roads,1987.0,Canada,blues,"Chicago Blues, blues rock, guitar"
Special Needs,A Time To Remember,2006.0,United Kingdom,indie,"indie pop, hardcore, Garage Rock"
Oasis,Put Yer Money Where Yer Mouth Is,2000.0,United Kingdom,britpop,"rock, british, alternative"
Arsenium,Rumadai (Groove Coverage Remix),2008.0,"Moldova, Republic of",pop,"dance, Europop, Moldova"
Antonello Venditti,21 Modi Per Dirti Ti Amo,2005.0,Italy,italian,"pop, cantautori, singer-songwriter"
The Faint,Violent (Remixed By Junior Sanchez),2001.0,United Kingdom,electronic,"indie, indie rock, dance"
Eyes Set To Kill,Interlude,2009.0,United States,post-hardcore,"screamo, emocore, female vocalist"
The Bravery,Fearless (Richard Vission Dub),2005.0,United Kingdom,indie rock,"indie, rock, alternative"
Balmorhea,Attesa,2007.0,United States,post-rock,"instrumental, ambient, piano"
Megadeth,Take No Prisoners,2010.0,United States,thrash metal,"heavy metal, speed metal, metal"
Muse,Citizen Erased,2002.0,United Kingdom,alternative rock,"rock, Progressive rock, alternative"
Thunderball,Solar,2002.0,United States,downtempo,"lounge, chillout, electronic"
Oomph!,Die Schlinge (Feat. Apocalyptica),1998.0,Germany,industrial metal,"industrial, german, metal"
Thin Lizzy,The Rocker,1996.0,Ireland,hard rock,"classic rock, rock, irish"
Squarepusher,The Coathanger,2008.0,,idm,"electronic, experimental, Drum n Bass"
Baxter Dury,Cocaine Man,2022.0,United Kingdom,indie rock,"singer-songwriter, indie, dream pop"
Pulp,Love Love,1983.0,United Kingdom,britpop,"indie, british, alternative"
Jaleco Sound Team,Epilogue,2004.0,Japan,japanese,"video game music, japan"
The Clash,Something About England,1980.0,United Kingdom,punk,"punk rock, british, rock"
Get Well Soon,Witches! Witches! Rest Now In The Fire,2008.0,Germany,indie,"singer-songwriter, german, alternative"
Stephan Mathieu,Right Place,2001.0,France,ambient,"experimental, electronic, minimal"
Electric President,Insomnia,2005.0,United Kingdom,indie,"indietronica, electronic, indie pop"
Guns N' Roses,Coma,1991.0,United States,hard rock,"rock, classic rock, 80s"
John Legend,This Time,2011.0,United States,soul,"rnb, Neo-Soul, singer-songwriter"
Mark Lanegan,Undertow,1990.0,United States,singer-songwriter,"rock, Grunge, blues"
The Doobie Brothers,Long Train Runnin',2005.0,United States,classic rock,"rock, 70s, Southern Rock"
Dog Eat Dog,Queen,1997.0,United States,crossover,"rapcore, punk, alternative"
Acidman,Kenmei No Mei,2016.0,Japan,J-rock,"japanese, rock, alternative"
Interpol,Pioneer To The Falls,2007.0,United States,post-punk,"indie rock, indie, alternative"
Radiohead,Fake Plastic Trees,2004.0,United Kingdom,alternative,"alternative rock, rock, 90s"
Ska-P,"Bla, Bla, Bla",1994.0,Spain,ska,"ska punk, spanish, punk"
Whitesnake,Would I Lie To You,2011.0,United Kingdom,hard rock,"classic rock, 80s, rock"
The Spent Poets,Grassheads (The Spent Poets),1992.0,United Kingdom,experimental,"indie pop, neo-psychedelic, Neo-Psychedelia"
Probot,Dictatosaurus,2004.0,United States,heavy metal,"metal, hard rock, thrash metal"
Thomas Dolby,Budapest By Blimp,2013.0,United Kingdom,new wave,"80s, synthpop, electronic"
Qua,Happy Domestika,2004.0,Australia,electronic,"folktronica, electronica, idm"
Lynyrd Skynyrd,Classical Christmas,2000.0,United States,Southern Rock,"classic rock, rock, hard rock"
Plants And Animals,Feedback In The Field,2008.0,Canada,Canadian,"indie rock, indie, montreal"
Green Day,Holiday,2012.0,United States,punk rock,"rock, punk, green day"
Gossip,Fire With Fire,2006.0,United States,indie,"indie rock, female vocalists, rock"
Talking Heads,Life During Wartime,1982.0,United States,new wave,"post-punk, 80s, rock"
Alan Braxe & Fred Falke,Horizon,2008.0,France,House,"french house, electronic, french"
Less Than Jake,The Ghosts Of Me And You,2003.0,United States,ska punk,"ska, punk, punk rock"
Foo Fighters,The Colour And The Shape,1997.0,United States,rock,"alternative rock, Grunge, alternative"
Art Of Noise,Close (To The Edit),2006.0,United Kingdom,electronic,"ambient, experimental, 80s"
Your Hand In Mine,Apprentice Workmen Needed...,2007.0,Greece,ambient,"instrumental, electronica, contemporary classical"
Deus,Via,1994.0,Belgium,alternative,"alternative rock, rock, belgian"
Olivia,Winter Sleep,2007.0,Australia,japanese,"J-rock, j-pop, female vocalists"
Colin Meloy,Every Day Is Like Sunday,2005.0,United Kingdom,singer-songwriter,"folk, indie, acoustic"
Hadouken!,Liquid Lives,2007.0,United Kingdom,new rave,"electronic, indie, british"
Federico Aubele,Las Canciones,2007.0,Argentina,chillout,"lounge, latin, downtempo"
R. Kelly Vs Broken Social Scene,I'M A Flirt (Shoreline),2007.0,Canada,,
Popolice,Stave Year,2010.0,Australia,shoegaze,alternative
Kristin Hersh,Husk,1999.0,United States,female vocalists,"singer-songwriter, indie, alternative"
Francisca Valenzuela,Afortunada,2007.0,Chile,alternative,"singer-songwriter, piano, chile"
Neuroticfish,Need,2002.0,,futurepop,"ebm, synthpop, industrial"
Career Suicide,Attempted Suicide,2023.0,Canada,hardcore punk,"hardcore, punk, punk rock"
Muse,Knights Of Cydonia (Simian Mobile Disco Remix),2006.0,United Kingdom,alternative rock,"rock, epic, alternative"
Tilly And The Wall,Poor Man'S Ice Cream,2008.0,United States,indie,"indie pop, female vocalists, indie rock"
Ellen Allien,Alles Sehen,2004.0,Germany,techno,"minimal, electronic, electro"
Jaleco Sound Team,Spiral Ahead,2004.0,Japan,japanese,"video game music, japan"
Fugazi,[Untitled],,United States,post-hardcore,"punk, hardcore, indie"
Lily Allen,Fuck You [Www.Cdscompletos.Us],2014.0,United Kingdom,pop,"british, female vocalists, Lily Allen"
Tori Amos,Miracle,2007.0,United States,female vocalists,"singer-songwriter, alternative, piano"
Beth Orton,Paris Train,2003.0,United States,female vocalists,"folk, singer-songwriter, indie"
Lykke Li,Dance Dance Dance,2016.0,Sweden,indie pop,"female vocalists, swedish, electronic"
Tom Waits,Let Me Get Up On It,1992.0,United States,blues,"singer-songwriter, experimental, rock"
Dab,Have A Smoke,2003.0,Spain,chillout,"lounge, downtempo, ambient"
Bersarin Quartett,Die Dinge Sind Nicht So Wie Sie Sind,2008.0,Germany,ambient,"electronic, instrumental, downtempo"
Forgotten Boys,Hey Hey Hey,2010.0,United States,Garage Rock,"brazilian, punk rock, alternative rock"
Attack In Black,Leather Jacket,2009.0,Canada,indie,"Canadian, indie rock, punk"
Jane'S Addiction,Strays,2003.0,United States,alternative rock,"rock, Grunge, alternative"
Katy Perry,If You Can Afford Me,2008.0,United States,pop,"female vocalists, pop rock, indie"
Eartha Kitt,Santa Baby,2000.0,United States,jazz,"female vocalists, soul, lounge"
Viktor Vaughn,Fall Back / Titty Fat,2004.0,United States,Hip-Hop,"underground hip-hop, mf doom, rap"
Metro Station,Seventeen Forever,2008.0,United States,electronic,"powerpop, indie, dance"
New Order,Turn The Heater On,1987.0,United Kingdom,new wave,"post-punk, electronic, 80s"
The Verve,The Drugs Don'T Work,2000.0,United Kingdom,britpop,"rock, alternative, british"
Falco,Munich Girls,2021.0,Austria,pop,"80s, new wave, austrian"
I:Scintilla,Salt Of Stones,2007.0,United States,industrial,"electronic, industrial rock, female vocalists"
Ride,Chelsea Girl,1993.0,United Kingdom,shoegaze,"dream pop, indie, alternative"
Dido,Isobel,2001.0,United Kingdom,pop,"female vocalists, chillout, singer-songwriter"
Radiohead,Ripcord,1994.0,United Kingdom,rock,"alternative, alternative rock, indie"
The Peekers,Gather It All,2008.0,United Kingdom,sxsw 2009,"indie, indie rock, Just Amazing"
Afterlife,Blue Bar,1999.0,United Kingdom,chillout,"lounge, downtempo, ambient"
Kate Bush,The Dreaming,2022.0,United Kingdom,female vocalists,"singer-songwriter, pop, alternative"
Dozer,From Fire Fell,2005.0,Sweden,Stoner Rock,"stoner metal, stoner, swedish"
Sophie Milman,Rocket Love,2007.0,Canada,jazz,"female vocalists, jazz vocal, vocal jazz"
Us3,From The Streets,2009.0,United Kingdom,acid jazz,"jazz, funk, Hip-Hop"
Poison,"I Want Action (7"" Single Remix)",2006.0,United States,hard rock,"hair metal, 80s, rock"
Linkin Park,Wish (Live),2023.0,United States,Nu Metal,"rock, alternative rock, alternative"
Lil Jon & The East Side Boyz,Snap Ya Fingers Feat Sean Paul & E40,2004.0,United Kingdom,Crunk,"Hip-Hop, rap, Dirty South"
Covenant,The Men,2007.0,Sweden,ebm,"futurepop, synthpop, electronic"
Bon Jovi,Born To Be My Baby,2016.0,United States,rock,"hard rock, classic rock, 80s"
Artie Shaw,La Paloma,2005.0,United States,jazz,"swing, Big Band, clarinet"
Britney Spears,Circus (Main Version),2009.0,United States,pop,"dance, Britney Spears, female vocalists"
Eyehategod,Masters Of Legalized Confusion,2011.0,United States,Sludge,"doom metal, sludge metal, sludgecore"
Oedo Wind Orchestra,Some Assembly Required - Iii,2009.0,Belgium,,
Rob Zombie,Sinners Inc.,2001.0,United States,industrial metal,"metal, industrial, hard rock"
Jay Reatard,In The Dark,2007.0,United States,Garage Punk,"punk, Garage Rock, Lo-Fi"
Woodblue,Dream Camp,2007.0,,downtempo,"japanese, instrumental hip-hop, Hip-Hop"
Rose Hill Drive,Raise Your Hands,2006.0,United States,hard rock,"rock, blues, alternative"
Kavinsky,Testarossa (Sebastian Remix),2007.0,France,electronic,"electro, french, dance"
Dolly Parton,Prime Of Our Love,1982.0,United States,country,"female vocalists, singer-songwriter, folk"
Amy Winehouse,(There Is) No Greater Love (Janice Long Session),2004.0,United Kingdom,soul,"jazz, female vocalists, british"
We Have Band,Oh! (Andrew 'Friendly Fires' Remix),2009.0,United Kingdom,electronic,"indie, indie dance, british"
Kaizers Orchestra,Rullett,2001.0,Norway,norwegian,"alternative rock, rock, alternative"
Rachel'S,Third Self-Portrait Series,1996.0,United Kingdom,post-rock,"instrumental, ambient, Classical"
Papa Roach,Getting Away With Murder,2005.0,United States,Nu Metal,"rock, alternative rock, alternative"
The Stooges,Shake Appeal,1989.0,United Kingdom,proto-punk,"Garage Rock, punk, punk rock"
As I Lay Dying,Empty Hearts,2005.0,United States,metalcore,"Melodic Death Metal, hardcore, metal"
Queen,I Go Crazy,1994.0,United Kingdom,classic rock,"rock, hard rock, glam rock"
Cary Brothers,Ride,2006.0,United States,indie,"singer-songwriter, acoustic, alternative"
Whomadewho,The Plot (Discodeine Remix),2009.0,Denmark,electronic,"electropop, danish, Electroclash"
Death Cab For Cutie,Amputations,1998.0,United States,indie,"indie rock, alternative, rock"
Midnight Juggernauts,45 & Rising (Cut Copy Remix),2006.0,Australia,electronic,"australian, electro, electro synth rock"
Michael Jackson,The Lady In My Life,1982.0,United States,pop,"80s, dance, soul"
Missy Higgins,Any Day Now,2024.0,Australia,female vocalists,"singer-songwriter, australian, pop"
Deadbeats,Feel Good,1995.0,United Kingdom,downtempo,"chillout, lounge, electronic"
Bell X1,Alphabet Soup,2003.0,Ireland,irish,"indie, indie rock, alternative"
Gustavo Cerati,Ahora Es Nunca,1993.0,Argentina,Rock Argentino,"rock, argentina, Rock en Espanol"
I:Scintilla,Scin (Tolchock Mix),2006.0,United States,industrial,"electronic, industrial rock, female vocalists"
Blur,No Distance Left To Run,2012.0,United Kingdom,britpop,"rock, indie, british"
The Raconteurs,Steady As She Goes,2008.0,United Kingdom,rock,"alternative rock, indie rock, alternative"
Bass Bombers,Voice Of Nrg-Bass!!!,1994.0,United States,All,"techno - trance - electronica, lesser known yet streamable artists, under 2000 listeners"
The Pointer Sisters,Happiness,2013.0,United States,Disco,"pop, soul, 80s"
Nirvana,You Know You'Re Right,1998.0,United States,Grunge,"rock, 90s, alternative"
Tori Amos,Honey,1998.0,United States,female vocalists,"singer-songwriter, alternative, piano"
Blue States,Stereo 99,2004.0,United Kingdom,downtempo,"chillout, trip-hop, electronic"
The Duke Spirit,This Ship Was Built To Last,2008.0,United Kingdom,indie rock,"Garage Rock, indie, british"
The Pillows,Come Down,2007.0,United Kingdom,J-rock,"japanese, rock, anime"
Red Hot Chili Peppers,Otherside,2000.0,United States,rock,"alternative rock, alternative, Red Hot Chili Peppers"
The Rolling Stones,"Paint It, Black",2015.0,United Kingdom,classic rock,"rock, british, 60s"
Body Count,Momma'S Gotta Die Tonight,1993.0,United States,crossover,"rapcore, hardcore, rap metal"
The New Pornographers,Bones Of An Idol,2005.0,Canada,indie rock,"Canadian, indie, indie pop"
Lucie Silvas,What You'Re Made Of (Live),2007.0,United Kingdom,female vocalists,"pop, singer-songwriter, british"
Pearl Jam,Bugs,2010.0,United States,Grunge,"rock, alternative rock, 90s"
Alanis Morissette,No Pressure Over Cappuccino,2000.0,Canada,female vocalists,"rock, alternative, singer-songwriter"
Britney Spears,Circus (Main),2009.0,United States,pop,"dance, Britney Spears, female vocalists"
Poison,You Don'T Mess Around With Jim,2006.0,United States,hard rock,"hair metal, 80s, rock"
Travis,My Eyes,2007.0,United States,britpop,"indie, british, rock"
Joakim,I Wish You Were Gone,2006.0,France,electronic,"french, electro, electropop"
Jean-Jacques Perrey & Luke Vibert,Schwing,2007.0,France,electronic,"Acid, idm, psychedelic"
Agustin Pereyra Lucena,Vem Viver,2017.0,Argentina,jazz,"argentina, Bossa Nova, guitar"
Agustin Pereyra Lucena,Por Eles,2017.0,Argentina,jazz,"argentina, Bossa Nova, guitar"
Get Well Soon,Prelude,2006.0,Germany,indie,"singer-songwriter, german, alternative"
Hole,Use Once And Destroy,1999.0,United States,Grunge,"female vocalists, alternative rock, rock"
Guano Apes,Living In A Lie (Unplugged),2000.0,Germany,alternative rock,"rock, alternative, female vocalists"
Turbonegro,Turbonegro Must Be Destroyed,2003.0,Norway,death punk,"punk rock, punk, rock"
Alice In Chains,Sludge Factory,1996.0,United States,Grunge,"alternative rock, rock, hard rock"
Daedelus,Fair Weather Friends,2008.0,United States,electronic,"experimental, idm, ninja tune"
Creed,Sister,1999.0,United States,rock,"alternative rock, hard rock, Grunge"
Negrita,Hemingway,2021.0,Italy,italian,"rock, italian rock, pop"
"Evelyn ""Champagne"" King",Teenager,2005.0,United States,Disco,"soul, funk, female vocalists"
Bibio,Under The Pier,2009.0,United Kingdom,experimental,"electronic, folktronica, ambient"
Health,Crimewave (Crystal Castles Vs. Health),2006.0,United States,noise rock,"experimental, noise, post-punk"
Archive,Dangervisit,2012.0,United Kingdom,trip-hop,"electronic, Progressive rock, alternative"
Dispatch,Carry You,2000.0,United States,indie,"acoustic, alternative, Jam"
J.J. Cale,Carry On,2009.0,United States,blues,"blues rock, singer-songwriter, rock"
Mad Caddies,Polyester Khakis,2009.0,United States,ska,"ska punk, punk, punk rock"
Donna Summer,Macarthur Park,1978.0,United States,Disco,"pop, 70s, dance"
John Frusciante,Water,2004.0,United States,experimental,"alternative, singer-songwriter, rock"
Franz Ferdinand,Take Me Out,2003.0,Austria,indie,"indie rock, rock, alternative"
The Knife,Silent Shout,2015.0,United Kingdom,electronic,"synthpop, swedish, electronica"
Backyard Babies,You Cannot Win,2006.0,Sweden,hard rock,"rock, punk rock, swedish"
Atb,You'Re Not Alone,2003.0,Germany,trance,"electronic, dance, vocal trance"
Sonic Youth,Pacific Coast Highway,1991.0,United States,experimental,"post-punk, alternative, indie"
A Camp,I Signed The Line,2011.0,Norway,swedish,"indie, female vocalists, pop"
State Radio,The Legacy Of Margaret Brown,2009.0,United States,indie,"reggae, rock, political"
Hello Saferide,I Wonder Who Is Like This One,2008.0,Sweden,swedish,"singer-songwriter, female vocalists, indie"
The Platters,Only You,1997.0,United States,oldies,"soul, rhythm and blues, 60s"
Caravan,Stuck In A Hole,1975.0,United Kingdom,Progressive rock,"Canterbury Scene, Canterbury, rock"
Richard Cheese,Nookie/Break Stuff/Limp Bizkit,2000.0,Germany,jazz,"lounge, comedy, covers"
Front Line Assembly,Maniacal,2006.0,Canada,industrial,"ebm, electro-industrial, electronic"
The Proclaimers,It'S Saturday Night,1988.0,United Kingdom,Scottish,"rock, folk, pop"
Huevos Rancheros,Secret Recipe,1995.0,Canada,Surf,"surf rock, instrumental, Canadian"
The B-52'S,Rock Lobster,2011.0,United States,new wave,"80s, pop, rock"
Rumpistol,Overtone,2005.0,Denmark,idm,"ambient, electronic, downtempo"
Blink-182,Down,2023.0,United States,punk rock,"pop punk, punk, rock"
New Young Pony Club,The Bomb,2007.0,United Kingdom,electronic,"new rave, indie, electropop"
The Doors,The Crystal Ship,2012.0,United States,Psychedelic Rock,"classic rock, 60s, rock"
Frank Zappa,That'S Not Really Reggae,1988.0,United States,Progressive rock,"experimental, jazz, rock"
Atheist,Mother Man,1991.0,United States,death metal,"Technical Death Metal, progressive death metal, Progressive metal"
Something For Kate,"A Fools History, Part 1",2006.0,Australia,australian,"alternative rock, rock, alternative"
Red Hot Chili Peppers,So Much I,2006.0,United States,rock,"alternative rock, Funk Rock, alternative"
Glenn Gould,English Suite No.1 Bwv806 - X. Gigue,1991.0,Canada,Classical,"piano, baroque, Canadian"
Firewind,Into The Fire,2008.0,Greece,Power metal,"heavy metal, speed metal, metal"
Hot Water Music,Keep It Together,2004.0,United States,punk rock,"post-hardcore, punk, emo"
Madlib,Slapped Up (Snap N' Clap),2008.0,United States,Hip-Hop,"jazz, funk, rap"
Gustavo Cerati,Av. Alcorta,1993.0,Argentina,Rock Argentino,"rock, argentina, Rock en Espanol"
Zoey Van Goey,Foxtrot Vandals,2009.0,United Kingdom,Scottish,"indie pop, indie, British Girls"
Lo-Fi-Fnk,The End,2006.0,Sweden,electronic,"swedish, electropop, indie"
Morphine,Eleven O'Clock,1996.0,United States,jazz,"alternative, blues, rock"
The Briefs,Antisocial,2004.0,United Kingdom,punk,"punk rock, seattle, american"
Hang On The Box,20 Fish 20 B,2001.0,China,punk,"chinese, riot grrrl, Chinese punk"
Filter,What'S Next (The Blood & Sand Mix),2008.0,United States,alternative rock,"industrial rock, rock, alternative"
Anna Schaad And David Macvittie,Lucky 13,2019.0,Germany,,
Axle Whitehead,Free Man,,Serbia,australian,"rock, Discoverockult, pop"
Marilyn Manson,Long Hard Road Out Of Hell,2007.0,United States,industrial,"industrial metal, metal, rock"
Tiga,Louder Than A Bomb,2005.0,Canada,electronic,"Electroclash, electro, House"
System Of A Down,Radio/Video,2015.0,United States,alternative metal,"metal, rock, alternative"
The Decemberists,"Los Angeles, I'M Yours",,United States,indie,"folk, indie rock, alternative"
Ben Folds,Dr. Yang,2008.0,United States,singer-songwriter,"piano rock, indie, alternative"
Afrika Bambaataa,Dj Boo 'Rock And Roll Part 2 (Raise The Roof)' (Sheet Beat),2004.0,United States,Hip-Hop,"funk, electro, electronic"
Shiva In Exile,Blue Healing,2008.0,Germany,ethnic,"ambient, darkwave, new age"
Phoenix,Lasso,2010.0,United Kingdom,indie,"french, indie pop, electronic"
Mstrkrft,Vuvuvu,2009.0,Canada,electronic,"electro, dance, Canadian"
Anti-Flag,Power To The Peaceful,2004.0,United States,punk rock,"punk, political punk, political"
Annie Lennox,Legend In My Living Room,1992.0,United Kingdom,pop,"female vocalists, 80s, singer-songwriter"
Tori Amos,That Guy,2009.0,United States,female vocalists,"singer-songwriter, alternative, piano"
Neko Case,Wayfaring Stranger,2018.0,United States,Alt-country,"singer-songwriter, female vocalists, folk"
Hole,Miss World,1994.0,United States,Grunge,"female vocalists, 90s, rock"
Alek Stark,Lights & Sex,2002.0,Italy,electro,"synthpop, electronic, Electroclash"
Louise Attaque,Nos Sourires,2005.0,France,french,"rock, chanson francaise, rock francais"
Sister Machine Gun,Loser,2001.0,United States,industrial,"industrial rock, ebm, industrial metal"
The Week That Was,Learn To Learn,2008.0,United Kingdom,experimental,"indie, indie rock, british"
4Hero,Hold It Down,2001.0,United Kingdom,Drum and bass,"electronic, downtempo, chillout"
The Mars Volta,Day Of The Baphomets,2006.0,United States,Progressive rock,"experimental, rock, alternative"
Kaliber 44,Film,1998.0,Poland,psycho rap,"Hip-Hop, rap, polish"
Ella Fitzgerald,I'M Just A Lucky So And So,2004.0,United States,jazz,"female vocalists, blues, swing"
Daft Punk Vs Adam Freeland,Aer Obama (Daft Punk Vs Adam Freeland),2021.0,France,,
Diary Of Dreams,Never!Land,1998.0,Germany,darkwave,"Gothic, electronic, industrial"
Lynyrd Skynyrd,Santa Claus Is Coming To Town,2002.0,United States,Southern Rock,"classic rock, rock, hard rock"
Men At Work,Touching The Untouchables,1997.0,Australia,80s,"new wave, rock, australian"
Ghostland Observatory,Dancing On My Grave,2008.0,United States,electronic,"indie, new rave, dance"
Love,Robert Montgomery,2019.0,United States,Psychedelic Rock,"psychedelic, 60s, classic rock"
Soap&Skin,Ddmmyyyy,2009.0,Austria,experimental,"piano, female vocalists, singer-songwriter"
King Diamond,Cold As Ice,2007.0,United States,heavy metal,"Progressive metal, horror metal, metal"
Four Tops,"I Can'T Help Myself (Sugar Pie, Honey Bunch)",1996.0,United States,soul,"motown, 60s, oldies"
Madonna,American Life,2021.0,United States,pop,"dance, female vocalists, 80s"
Stereolab,The Noise Of Carpet,2006.0,United Kingdom,electronic,"post-rock, indie, alternative"
Elbow,Station Approach,2012.0,United Kingdom,indie,"alternative, indie rock, britpop"
Red Hot Chili Peppers,I Like Dirt,2015.0,United States,rock,"alternative rock, Funk Rock, alternative"
Moby,If Things Were Perfect,2000.0,United States,electronic,"ambient, chillout, alternative"
Katatonia,I Transpire,2001.0,Sweden,doom metal,"Progressive metal, depressive rock, Gothic Metal"
Death In June,We Are The Lust,1987.0,United Kingdom,neofolk,"dark folk, apocalyptic folk, industrial"
Korn,Coming Undone (Aol Sessions),2006.0,United States,Nu Metal,"rock, metal, Korn"
Tim And Eric,Cops And Robbers,2008.0,United States,i wanna meet that dad,"comedy, Great Job, adultswim"
Paul Weller Vs. Portishead,Wild Wood (Sheared Wood Remix),2003.0,United Kingdom,,
Stereolab,How To Play Your Internal Organs Overnight,1996.0,United Kingdom,electronic,"post-rock, indie, alternative"
Fucked Up,Manqueller Man,2006.0,Canada,hardcore,"hardcore punk, punk, Canadian"
Rancid,As One,1995.0,United Kingdom,punk,"punk rock, ska punk, ska"
Acid Bath,Cassie Eats Cockroaches,1993.0,United States,Sludge,"doom metal, sludge metal, stoner metal"
Marjorie Fair,How Can You Laugh?,2004.0,United States,indie rock,"indie, rock, indie pop"
Jay-Z,Cashmere Thoughts,1996.0,United States,Hip-Hop,"rap, hip hop, east coast rap"
U.S. Bombs,Die Alone,2002.0,United States,punk,"punk rock, street punk, skate punk"
Bon Jovi,Come Back,2001.0,United States,rock,"hard rock, classic rock, 80s"
Cameo,She'S Strange,1995.0,United States,funk,"80s, soul, rnb"
Tori Amos,Mother Revolution,2010.0,United States,female vocalists,"singer-songwriter, alternative, piano"
Sophia,Desert Song No. 2,2004.0,Japan,martial industrial,"dark ambient, singer-songwriter, indie"
Die Fantastischen Vier,Der Picknicker,1997.0,Germany,german,"Hip-Hop, hip hop, deutsch"
The Jesus And Mary Chain,April Skies,2010.0,United Kingdom,shoegaze,"post-punk, alternative, indie"
The Seldom Scene,Cannonball,1972.0,United States,bluegrass,"country, folk-country, progressive bluegrass"
Stray Cats,I Like To Move It From Madagascar (Kids Dance Party),2010.0,United States,rockabilly,"psychobilly, rock n roll, 80s"
Molly Hatchet,Bounty Hunter,1998.0,United States,Southern Rock,"classic rock, hard rock, blues rock"
Shalamar,Games,1999.0,United States,Disco,"soul, funk, 80s"
Eagles Of Death Metal,Anything 'Cept The Truth,2008.0,United States,Stoner Rock,"Garage Rock, rock, alternative rock"
Joe,Ride Wit U,2006.0,United Kingdom,rnb,"soul, Hip-Hop, r&b"
Sergent Garcia,El Regreso,2003.0,France,latin,"reggae, salsa, spanish"
System Of A Down,Vicinity Of Obscenity,2015.0,United States,alternative metal,"metal, alternative, Nu Metal"
Stoa,Urthona,1994.0,Germany,neoclassical,"ethereal, darkwave, Gothic"
Helalyn Flowers,"I'M Human, Defective",2007.0,Italy,industrial,"industrial rock, electronic, Gothic"
Bbc Symphony Orchestra & John Adams,"My Father Knew Charles Ives, Ii. The Lake",2006.0,United Kingdom,,
Flying Lotus,Grapesicles (Samiyam Remix),2008.0,United States,electronic,"experimental, Hip-Hop, instrumental hip-hop"
Leo Sayer,I Can'T Stop Loving You,1999.0,United Kingdom,pop,"70s, singer-songwriter, oldies"
Futurecop!,Transformers (Ghosthustler Remix),2012.0,,electronic,"electro, Electroclash, synthpop"
This Ascension,Forever Shaken,1999.0,United States,ethereal,"darkwave, Gothic Rock, Gothic"
Heart,Little Queen,1977.0,United States,classic rock,"rock, hard rock, female vocalists"
Nightmares On Wax,Slow Progress - Type,2023.0,United Kingdom,trip-hop,"chillout, downtempo, electronic"
Korn,Wicked,1997.0,United States,Nu Metal,"metal, alternative, rock"
Vertical Horizon,Sunrays And Saturdays,1995.0,Japan,alternative rock,"rock, alternative, 90s"
Tiamat,Wings Of Heaven,2006.0,Sweden,Gothic Metal,"doom metal, death metal, metal"
Within Temptation,Jillian,2006.0,Netherlands,symphonic metal,"bad tagged, Female fronted metal, metal"
R.E.M.,Sweetness Follows,1992.0,United States,rock,"alternative rock, alternative, indie"
Patrick Wolf,The Sun Is Often Out,2009.0,Germany,indie,"electronic, singer-songwriter, folk"
Soundtrack,Monte Carlo Nights / Elliot Easton'S Tiki Gods,2017.0,United States,,
Rosensprung,Erwartung,,,chillout,"german, deutsch, electronic"
Darkthrone,Pervertor Of The 7 Gates,2014.0,Norway,black metal,"Norwegian Black Metal, death metal, norwegian"
The Kinks,A Well Respected Man,2011.0,United Kingdom,classic rock,"60s, rock, british"
The Gathering,Saturnine(Live),2018.0,United Kingdom,Gothic Metal,"Progressive metal, Female fronted metal, female vocalists"
Portishead,Sheared Box,1994.0,United Kingdom,trip-hop,"electronic, female vocalists, chillout"
The Away Team,The End Of The Day,2010.0,United States,Hip-Hop,"underground hip-hop, Justus League, underground rap"
The Verve,Columbo,2008.0,United Kingdom,britpop,"rock, alternative, british"
In Flames,Food For The Gods,2001.0,Sweden,Melodic Death Metal,"death metal, metal, swedish"
Micky Slim Vs. House Of Pain,Jump Around (Deadmau5 Remix),2007.0,United States,Hip-Hop,"rap, old school, hip hop"
Exemtum,Ausklang,2008.0,Germany,martial industrial,"neoclassical, martial, german"
Xotox,In Den Zehn Morgen,2016.0,Germany,industrial,"powernoise, Rhythmic Noise, noise"
Turbonegro,Final Warning,2005.0,Norway,death punk,"punk rock, punk, rock"
Satyricon,K.I.N.G.,2006.0,Norway,black metal,"Norwegian Black Metal, norwegian, melodic black metal"
Nelly Furtado,All Good Things (Come To An End),2006.0,Canada,pop,"female vocalists, folk, Canadian"
Say Anything,I Got Your Money,2008.0,United States,alternative,"indie, rock, indie rock"
Jaylib,The Red,2004.0,United States,Hip-Hop,"underground hip-hop, Stones throw, rap"
Temposhark,Don'T Mess With Me,2008.0,United Kingdom,electronic,"british, indie, electropop"
Baby Eagle,Blueberry Blues,2007.0,United States,indie,"Canadian, folk, All"
The Knife,Forest Families,2022.0,United Kingdom,electronic,"synthpop, swedish, electronica"
Nick Cave & The Bad Seeds,Christina The Astonishing,1992.0,Australia,post-punk,"rock, alternative, singer-songwriter"
Evangelista,Lucky Lucky Luck,2008.0,Italy,experimental,"psychedelic, female vocalists, rock"
"Royce Da 5'9""",Freestyle(Nas Is Like),2018.0,United States,Hip-Hop,"rap, detroit, underground hip-hop"
Hello Saferide,Parenting Never Ends,2008.0,Sweden,swedish,"singer-songwriter, female vocalists, indie"
Madeleine Peyroux,Lovesick Blues,1996.0,United States,jazz,"female vocalists, blues, vocal jazz"
Cat Power,Good Woman,1973.0,United States,indie,"female vocalists, singer-songwriter, folk"
Pete Rock,Nothing More,1999.0,United States,Hip-Hop,"Jazz Hop, rap, underground hip-hop"
Acidman,Calm,2007.0,Japan,J-rock,"japanese, rock, alternative"
Explosions In The Sky,First Breath After Coma,2004.0,United States,post-rock,"instrumental, ambient, experimental"
Decoded Feedback,Immortal,2000.0,Canada,ebm,"dark electro, industrial, electro-industrial"
Lamb Of God,O.D.H.G.A.B.F.E.,2000.0,United States,groove metal,"metalcore, thrash metal, metal"
Carter Burwell,Showdown In The Ballet Studio,2008.0,United States,instrumental,"ambient, composers, movie score"
The Juan Maclean,One Day,2009.0,United States,electronic,"dance, electro, electronica"
Brad Paisley,Behind The Clouds,2006.0,United States,country,"modern country, singer-songwriter, male vocalists"
Claire Diterzi,Steve In Car,2007.0,France,french,"female vocalists, chanson francaise, singer-songwriter"
Rage Against The Machine,Wake Up,1996.0,United States,alternative rock,"rock, alternative, political"
Afi,Miseria Cantare: The Beginning,2003.0,United States,punk rock,"punk, alternative, rock"
Saalschutz,Everybody Chill Out,2006.0,Switzerland,electropunk,"electronic, electro, Electroclash"
The Electric Soft Parade,Cold World,2005.0,United Kingdom,indie rock,"indie, british, britpop"
Backyard Babies,I Love To Roll,2001.0,Sweden,hard rock,"rock, punk rock, swedish"
Sting,Desert Rose,2001.0,Germany,rock,"pop, classic rock, british"
Natalie Portman'S Shaved Head,The Malibu Highlife,2008.0,United States,electronic,"synthpop, indie, electro"
Supersuckers,Eastbound & Down,2003.0,United States,punk rock,"rock, punk, country"
Louise Attaque,Fatigante,2024.0,France,french,"rock, chanson francaise, rock francais"
Sonic Youth,Bull In The Heather,1994.0,United States,experimental,"post-punk, alternative, indie"
Nick Drake,Hazey Jane I,2005.0,United Kingdom,folk,"singer-songwriter, acoustic, indie"
Al Green,Up Above My Head,2000.0,United States,soul,"funk, rhythm and blues, 70s"
The Whitest Boy Alive,Fireworks,2006.0,Germany,indie,"electronic, indie pop, norwegian"
Death Cab For Cutie,Your Bruise,1998.0,United States,indie,"indie rock, alternative, rock"
Poison,Valley Of Lost Souls,1990.0,United States,hard rock,"hair metal, 80s, rock"
Yes,I'Ve Seen All Good People,2007.0,United Kingdom,Progressive rock,"classic rock, rock, british"
The Libertines,The Boy Looked At Johnny,2022.0,United Kingdom,indie rock,"british, indie, rock"
Mindless Self Indulgence,Like Shit,2002.0,United States,industrial,"industrial jungle pussy punk, electronic, punk"
Razorlight,Golden Touch,2004.0,United Kingdom,indie,"indie rock, british, rock"
The Bronx,False Alarm,2002.0,United Kingdom,punk,"hardcore, punk rock, hardcore punk"
Breaking Benjamin,Unknown Soldier,2006.0,United States,alternative rock,"rock, hard rock, alternative"
Scorpions,Walking On The Edge,2006.0,Germany,hard rock,"classic rock, heavy metal, rock"
Django Reinhardt,Charleston,1998.0,France,jazz,"swing, gypsy jazz, guitar"
Tomahawk,101 North,2001.0,United States,experimental,"alternative rock, mike patton, alternative"
The Devil Wears Prada,Goats On A Boat,2007.0,United States,metalcore,"hardcore, Christian Metalcore, screamo"
Madonna,Vogue,2019.0,United States,pop,"dance, 80s, female vocalists"
Nazareth,Holiday,1981.0,United Kingdom,hard rock,"classic rock, rock, 70s"
Anathema,Underworld,2001.0,United Kingdom,doom metal,"Progressive rock, Progressive metal, atmospheric"
Therion,The Khlysti Evangelist,2006.0,Sweden,symphonic metal,"Gothic Metal, death metal, Progressive metal"
Tori Amos,Curtain Call,2009.0,United States,female vocalists,"singer-songwriter, alternative, piano"
Catch 22,Point The Blame,2001.0,United States,ska,"ska punk, punk, punk rock"
The Horrors,She Is The New Thing,2007.0,United Kingdom,Garage Rock,"indie, british, horror punk"
Soft Cell,Bedsitter,2023.0,United Kingdom,new wave,"synthpop, 80s, electronic"
Trembling Blue Stars,From A Pale Blue Rosary,2007.0,United Kingdom,indie pop,"twee, indie, british"
The Whispers,I Can Make It Better,2022.0,United Kingdom,soul,"funk, Disco, 80s"
Asp,Me (Me And You Remix Von Blutengel),2009.0,Germany,Gothic,"darkwave, Gothic Rock, german"
Simon Bookish,The Flood,2008.0,Germany,electronic,"Avant-Garde, indie, pop"
Martin Siewert,No Need To Be Lonesome,2004.0,United States,drone,"improvisation, laptop music, idm"
Dr. Horrible,Bad Horse 1,2020.0,United States,funny,"musical, lovethisartist"
Dusty Springfield,Windmills Of Your Mind,2011.0,United Kingdom,soul,"60s, female vocalists, pop"
Eminem,Brain Damage,1998.0,United States,rap,"Hip-Hop, hip hop, Eminem"
The Clash,Washington Bullets,1980.0,United Kingdom,punk,"punk rock, british, rock"
Rainbow,Black Sheep Of The Family,1975.0,United Kingdom,hard rock,"classic rock, heavy metal, rock"
Dj Dan,A Tribute To James Brown (B),2010.0,United States,House,"electronic, electro house, funky house"
The Glitterati,Don'T Do Romance,2005.0,United Kingdom,rock,"hard rock, classic rock, rock n roll"
British Sea Power,Childhood Memories,2002.0,United Kingdom,indie rock,"indie, british, alternative"
Acclaim,"Cordilon, Inlet",2017.0,France,electronic,"techno, hard rock, heavy metal"
The Cannanes,Owerwhelmed,2001.0,United Kingdom,australian,"twee, indie pop, indie"
Die Fantastischen Vier,Intro (Live),2005.0,Germany,german,"Hip-Hop, hip hop, deutsch"
The Juan Maclean,The Simple Life,2009.0,United States,electronic,"dance, electro, electronica"
Matmos,Semen Song For James Bidgood,2006.0,,electronic,"experimental, idm, glitch"
Bat For Lashes,The Big Sleep,2009.0,United Kingdom,indie,"female vocalists, alternative, folk"
Dog Years,Remain A Butterfly,2023.0,United Kingdom,emo,"indie rock, noise rock, punk rock"
The Calling,Wherever You Will Go,2002.0,United Kingdom,rock,"alternative rock, The Calling, alternative"
Metallica,The End Of The Line (Live),2021.0,United States,metallica,"heavy metal, metal, hard rock"
Peter Mcconnell,Rubacava,1998.0,United States,jazz,"video game music, ambient, videogame"
Tactical Sekt,Not Going To Work That Way,2005.0,United States,dark electro,"ebm, industrial, Harsh EBM"
Deathstars,The Greatest Fight On Earth,2006.0,Sweden,industrial metal,"Gothic Metal, industrial, metal"
Vince Watson,Maya,2005.0,Netherlands,techno,"detroit techno, electronic, tech house"
Head Automatica,Head Automatica Soundsystem,2004.0,United States,rock,"indie, alternative, alternative rock"
The Fog,Young And Sexy,1996.0,United Kingdom,death metal,"Death Doom Metal, House, electronic"
The Slackers,Have The Time,2011.0,United Kingdom,ska,"rocksteady, reggae, traditional ska"
Kmfdm,From Here On Out,2003.0,,industrial,"industrial rock, industrial metal, electronic"
The Killers,Mr. Brightside (Jacques Lu Cont'S Thin White Duke Mix),2017.0,United Kingdom,rock,"indie rock, indie, alternative"
Radiohead & Portishead,Hal,1999.0,United Kingdom,rock,"alternative, alternative rock, indie"
The Fall,Rowche Rumble,1996.0,United Kingdom,post-punk,"new wave, punk, alternative"
Atlantic Starr,If Your Heart Isn'T In It,1997.0,United States,soul,"rnb, 80s, funk"
Sade,King Of Sorrow,2001.0,United Kingdom,soul,"jazz, female vocalists, chillout"
Pigface,Fuck It Up,2005.0,United States,industrial,"industrial rock, experimental, electronic"
Alif Tree,Forgotten Places,2006.0,France,trip-hop,"downtempo, nu-jazz, electronic"
Hive,Mood Swings (Act I),1997.0,United States,Drum and bass,"electronic, dnb, Drum n Bass"
Turisas,The Dnieper Rapids,2012.0,Finland,folk metal,"viking metal, battle metal, finnish"
Go Home Productions,Girl Just Wants To Say Goodbye,2007.0,United Kingdom,mashup,"mash-up, bastard pop, bootleg"
The Shins,Pam Berry,2007.0,United Kingdom,indie,"indie rock, indie pop, alternative"
White Zombie,Real Solution #9 (Mambo Mania Mix),1996.0,United States,industrial metal,"metal, heavy metal, industrial"
Killing Joke,Eighties,1995.0,United Kingdom,post-punk,"new wave, industrial, industrial rock"
Die Fantastischen Vier,Jede Generation,2004.0,Germany,german,"Hip-Hop, hip hop, deutsch"
Del Amitri,Roll To Me,2008.0,United Kingdom,rock,"Scottish, alternative, pop"
Kiss,Sweet Pain,2012.0,United States,hard rock,"rock, 70's, Disco"
Freezepop,Plastic Stars,2000.0,United States,synthpop,"electronic, electropop, indie"
Ozzy Osbourne,Black Illusion,2001.0,United Kingdom,heavy metal,"hard rock, metal, classic rock"
Regurgitator,Obtusian,1999.0,Australia,australian,"alternative, rock, electronic"
Smash Tv,Everyone'S A Star,2014.0,Germany,minimal,"BPitch Control, techno, electro"
The Cranberries,Disappointment,2011.0,Ireland,rock,"alternative, alternative rock, female vocalists"
King Creosote,Bootprints,2002.0,United Kingdom,folk,"singer-songwriter, Scottish, indie"
The Offspring,Intermission,1997.0,United States,punk rock,"punk, rock, alternative rock"
Ben Harper And The Blind Boys Of Alabama,Church House Steps,2005.0,United States,blues,"gospel, folk, singer-songwriter"
Bonnie 'Prince' Billy,The Seedling,2006.0,United States,folk,"singer-songwriter, Alt-country, indie"
Civil Twilight,Letters From The Sky,2009.0,South Africa,alternative,"alternative rock, indie rock, indie"
Gravity Kills,Hold,1996.0,United States,industrial,"industrial rock, industrial metal, rock"
Puscifer,Momma Sed (Hip Hop Version 2),2025.0,United States,industrial,"alternative, Progressive rock, industrial rock"
Journey,Wheel In The Sky,1994.0,United States,classic rock,"rock, hard rock, 80s"
Stars,Bitches In Tokyo,2011.0,United States,indie,"indie pop, Canadian, indie rock"
The Smiths,This Charming Man (Original Single Version),1989.0,United Kingdom,post-punk,"indie, new wave, 80s"
Guano Apes,Electric Nights,2003.0,Germany,alternative rock,"rock, alternative, female vocalists"
The Presets,Down Down Down,2005.0,United Kingdom,electronic,"australian, electro, Electroclash"
The Moody Blues,Dawning Is The Day,2011.0,United Kingdom,Progressive rock,"classic rock, rock, 60s"
Revolting Cocks,Attack Ships On Fire,2004.0,United States,industrial,"industrial rock, industrial metal, ebm"
Oceanlab,Ashes,2008.0,United Kingdom,trance,"vocal trance, progressive trance, electronic"
Jamie Cullum,Mind Trick,2005.0,United Kingdom,jazz,"piano, british, singer-songwriter"
Soulsavers,Through My Sails,2007.0,United Kingdom,alternative,"trip-hop, electronic, indie rock"
The Haunted,Chasm,2002.0,United Kingdom,thrash metal,"Melodic Death Metal, death metal, metal"
Kristin Hersh,Winter,2009.0,United States,female vocalists,"singer-songwriter, indie, alternative"
Hawkwind,"25 Years (12"" Remix)",1992.0,United Kingdom,space rock,"Psychedelic Rock, Progressive rock, psychedelic"
Clark,Springtime Epigram,2006.0,United Kingdom,idm,"electronic, experimental, Warp"
Dread Zeppelin,Out On The Tiles,1997.0,United Kingdom,reggae,"rock, parody, comedy"
Bachman-Turner Overdrive,You Ain'T Seen Nothing Yet,2013.0,Canada,classic rock,"rock, hard rock, 70s"
Quivver,Ghosts (Original Mix),2008.0,United Kingdom,Progressive House,"House, electronic, Progressive"
Wundergraft,Love Will Tear Us Apart,2007.0,,polish,alternative
Cannibal Ox,Straight Off The D.I.C.,2001.0,United States,Hip-Hop,"underground hip-hop, rap, Def Jux"
Yarabi,Arata-Mi Calea (Show Me The Way),2015.0,Romania,dance,"pop, Romanian, male vocalists"
Godsmack,Awake,2010.0,United States,hard rock,"Nu Metal, metal, rock"
Van Zant,Things I Miss The Most,2005.0,Germany,Southern Rock,"country, classic rock, rock"
Leona Naess,Earthquake,2000.0,United Kingdom,singer-songwriter,"female vocalists, indie, acoustic"
Lemongrass,Le Coup,2005.0,Germany,downtempo,"chillout, lounge, ambient"
Muse,Hate This & I'Ll Love You,2002.0,United Kingdom,alternative rock,"rock, Progressive rock, alternative"
Mad Crazy,Vremia Rabotaet Na Nas,2013.0,United States,,
Marilyn Mazur,Talking Wind,2008.0,United States,jazz,"percussion, contemporary jazz, ECM"
Aqualung,Extra Ordinary Thing,2003.0,United Kingdom,indie,"singer-songwriter, alternative, indie rock"
Mi Ami,Pressure,2009.0,United States,noise rock,"experimental, psychedelic, post-punk"
Lloyd Banks,I Get High (Feat. 50 Cent & Snoop Dog),2009.0,United Kingdom,rap,"Hip-Hop, Gangsta Rap, G-Unit"
Alva Noto + Ryuichi Sakamoto,Aurora,2005.0,Germany,,
Die Fantastischen Vier,Du Arsch,1991.0,Germany,german,"Hip-Hop, hip hop, deutsch"
Boy Kill Boy,On And On,2006.0,United Kingdom,indie,"indie rock, british, alternative"
Mano Negra,Super Chango,1994.0,France,ska,"alternative, latin, rock"
Superpitcher,Baby'S On Fire,2004.0,Germany,minimal,"electronic, techno, minimal techno"
Kate Havnevik,New Day,2006.0,Norway,female vocalists,"electronic, norwegian, singer-songwriter"
The Flying Lizards,The Flood,1979.0,United Kingdom,new wave,"post-punk, experimental, 80s"
Madonna,Music,2009.0,United States,pop,"dance, female vocalists, 80s"
Slumdog Millionaire,O...Saya,2009.0,Belgium,Indian,"bollywood, Hindi, A R Rahman"
Ensiferum,Lost In Despair,2004.0,Finland,folk metal,"viking metal, Melodic Death Metal, finnish"
Trash Fashion,Give It Up,2007.0,United Kingdom,new rave,"electronic, disco punk, indie"
Quadra,Moment,2016.0,Japan,psytrance,"psychedelic trance, psychedelic, electronic"
Anberlin,Ready Fuels,2004.0,United States,alternative rock,"rock, alternative, christian rock"
Ani Difranco,Wishing And Hoping,2005.0,United States,folk,"singer-songwriter, female vocalists, indie"
Scary Thieves,The Din,1985.0,United Kingdom,new wave,"synthpop, 80s, new romantic"
Elf,Hoochie Koochie Lady,1972.0,United States,hard rock,"blues rock, classic rock, rock"
Drumagick,Sambarock,2003.0,Brazil,Drum and bass,"liquid funk, brazilian, electronic"
Vanessa Daou,Red Dawn,1997.0,United States,trip-hop,"chillout, female vocalists, jazz"
Devendra Banhart,Lazy Butterfly,2005.0,United States,folk,"singer-songwriter, freak folk, indie"
Bauhaus,Honeymoon Croon,1983.0,United Kingdom,post-punk,"Gothic Rock, new wave, Gothic"
Led Zeppelin,Down By The Seaside,1975.0,United Kingdom,classic rock,"hard rock, rock, 70s"
Leonard Cohen,So Long Marianne,2013.0,Canada,folk,"singer-songwriter, blues, Canadian"
The Turtles,I Think We'Re Alone Now,2015.0,United Kingdom,60s,"classic rock, rock, oldies"
Dela,Rosario Dawnson,2007.0,Canada,Hip-Hop,"Jazz Hop, instrumental hip-hop, soul"
New Bomb Turks,[Untitled],,United States,Garage Punk,"punk, punk rock, Garage Rock"
Stereolab,Mass Riff,2003.0,United Kingdom,electronic,"post-rock, indie, alternative"
Nine Inch Nails,The Only Time,2009.0,United States,industrial,"industrial rock, electronic, alternative"
Johnny Cash,A Legend In My Time,2006.0,United States,country,"folk, singer-songwriter, classic rock"
Nick Cave & The Bad Seeds,Hold On To Yourself,2008.0,Australia,post-punk,"rock, alternative, singer-songwriter"
Dishwalla,Policy Of Truth,1998.0,United States,alternative rock,"rock, alternative, 90s"
Tim And Eric,No Sunsets,2008.0,United States,i wanna meet that dad,"comedy, Great Job, adultswim"
Morrissey,Best Friend On The Payroll,2009.0,United Kingdom,indie,"british, alternative, rock"
Rancid,Corruption,2000.0,United Kingdom,punk,"punk rock, ska punk, ska"
Fryars,Benedict Arnold,2009.0,United Kingdom,indie pop,"british, singer-songwriter, indie"
White Zombie,"I, Zombie",2007.0,United States,industrial metal,"metal, heavy metal, industrial"
Dust,The Sky Inside A Room,1998.0,United States,hard rock,"classic rock, Stoner Rock, heavy metal"
Aeroplane,Aeroplane,2007.0,Belgium,electronic,"nu disco, Disco, House"
Burial,Etched Headplate,2008.0,United Kingdom,dubstep,"ambient, electronic, experimental"
The Wildhearts,Caffeine Bomb,1994.0,United Kingdom,hard rock,"rock, alternative rock, british"
Agonoize,Sacrifice (Aesthetic Perfection Mix),2005.0,Germany,ebm,"dark electro, industrial, Aggrotech"
Kiki,The End Of The World,2005.0,United Kingdom,minimal,"electronic, minimal techno, electro"
Kanye West,See You In My Nightmares (Feat. Lil Wayne),2010.0,United Kingdom,Hip-Hop,"rap, hip hop, rnb"
Wishbone Ash,Phoenix (Live At Memphis),2003.0,United Kingdom,Progressive rock,"classic rock, hard rock, rock"
Nirvana,"Raunchola / Moby Dick (Live, 1988)",1988.0,United States,Grunge,"rock, alternative rock, alternative"
Empyray,Du Chkas,2002.0,,Armenian,armenian rock
Daughtry,Feels Like Tonight,2006.0,United States,rock,"alternative rock, alternative, hard rock"
Versbox,2+3 (First Part),1999.0,Germany,hip hop,"political, polit rap, german"
Sufjan Stevens,"Let'S Hear That String Part Again, Because I Don'T Think They Heard It All The Way Out In Bushnell",2005.0,United States,folk,"indie, singer-songwriter, alternative"
Cyndi Lauper,Girls Just Want To Have Fun,2000.0,United States,80s,"pop, female vocalists, cyndi lauper"
Paint It Black,Election Day,2005.0,United States,hardcore,"hardcore punk, melodic hardcore, punk"
John Mayer,Dreaming With A Broken Heart,2007.0,United States,singer-songwriter,"acoustic, rock, pop"
X-Ecutioners,Roc Raida Riot Control Agent,2005.0,United States,Hip-Hop,"turntablism, rap, hip hop"
Goldfrapp,Human,2009.0,United Kingdom,electronic,"trip-hop, female vocalists, dance"
The Deadly Snakes,Trouble'S Gonna Stay Awhile,2003.0,Canada,Garage Rock,"indie rock, Canadian, garage"
The Kilimanjaro Darkjazz Ensemble,Adaptation Of The Koto Song,2006.0,Netherlands,dark jazz,"jazz, experimental, ambient"
Morphine,French Fries With Pepper,2017.0,United States,jazz,"alternative, blues, rock"
In Flames,Another Day In Quicksand,2000.0,Sweden,Melodic Death Metal,"death metal, metal, swedish"
Eppu Normaali,Poltan Loppuun Tupakin,2011.0,Finland,finnish,"rock, suomirock, punk"
